repo,quarter,commits,is_active
Helicone/helicone,2023-Q1,206,1
Helicone/helicone,2023-Q2,269,1
Helicone/helicone,2023-Q3,293,1
Helicone/helicone,2023-Q4,281,1
Helicone/helicone,2024-Q1,385,1
Helicone/helicone,2024-Q2,592,1
Helicone/helicone,2024-Q3,588,1
Helicone/helicone,2024-Q4,424,1
Helicone/helicone,2025-Q1,496,1
Helicone/helicone,2025-Q2,519,1
Helicone/helicone,2025-Q3,782,1
Helicone/helicone,2025-Q4,459,1
hoppscotch/hoppscotch,2023-Q1,234,1
hoppscotch/hoppscotch,2023-Q2,158,1
hoppscotch/hoppscotch,2023-Q3,117,1
hoppscotch/hoppscotch,2023-Q4,145,1
hoppscotch/hoppscotch,2024-Q1,99,1
hoppscotch/hoppscotch,2024-Q2,83,1
hoppscotch/hoppscotch,2024-Q3,102,1
hoppscotch/hoppscotch,2024-Q4,110,1
hoppscotch/hoppscotch,2025-Q1,127,1
hoppscotch/hoppscotch,2025-Q2,122,1
hoppscotch/hoppscotch,2025-Q3,99,1
hoppscotch/hoppscotch,2025-Q4,108,1
chatwoot/chatwoot,2023-Q1,274,1
chatwoot/chatwoot,2023-Q2,308,1
chatwoot/chatwoot,2023-Q3,254,1
chatwoot/chatwoot,2023-Q4,229,1
chatwoot/chatwoot,2024-Q1,262,1
chatwoot/chatwoot,2024-Q2,212,1
chatwoot/chatwoot,2024-Q3,172,1
chatwoot/chatwoot,2024-Q4,204,1
chatwoot/chatwoot,2025-Q1,291,1
chatwoot/chatwoot,2025-Q2,271,1
chatwoot/chatwoot,2025-Q3,298,1
chatwoot/chatwoot,2025-Q4,214,1
formbricks/formbricks,2023-Q1,258,1
formbricks/formbricks,2023-Q2,383,1
formbricks/formbricks,2023-Q3,650,1
formbricks/formbricks,2023-Q4,772,1
formbricks/formbricks,2024-Q1,385,1
formbricks/formbricks,2024-Q2,368,1
formbricks/formbricks,2024-Q3,243,1
formbricks/formbricks,2024-Q4,309,1
formbricks/formbricks,2025-Q1,317,1
formbricks/formbricks,2025-Q2,348,1
formbricks/formbricks,2025-Q3,249,1
formbricks/formbricks,2025-Q4,197,1
documenso/documenso,2023-Q1,607,1
documenso/documenso,2023-Q2,253,1
documenso/documenso,2023-Q3,59,1
documenso/documenso,2023-Q4,809,1
documenso/documenso,2024-Q1,662,1
documenso/documenso,2024-Q2,336,1
documenso/documenso,2024-Q3,139,1
documenso/documenso,2024-Q4,179,1
documenso/documenso,2025-Q1,144,1
documenso/documenso,2025-Q2,99,1
documenso/documenso,2025-Q3,111,1
documenso/documenso,2025-Q4,212,1
maybe-finance/maybe,2023-Q1,0,0
maybe-finance/maybe,2023-Q2,0,0
maybe-finance/maybe,2023-Q3,0,0
maybe-finance/maybe,2023-Q4,0,0
maybe-finance/maybe,2024-Q1,239,1
maybe-finance/maybe,2024-Q2,192,1
maybe-finance/maybe,2024-Q3,180,1
maybe-finance/maybe,2024-Q4,259,1
maybe-finance/maybe,2025-Q1,234,1
maybe-finance/maybe,2025-Q2,271,1
maybe-finance/maybe,2025-Q3,44,1
maybe-finance/maybe,2025-Q4,0,0
qdrant/qdrant,2023-Q1,172,1
qdrant/qdrant,2023-Q2,312,1
qdrant/qdrant,2023-Q3,271,1
qdrant/qdrant,2023-Q4,348,1
qdrant/qdrant,2024-Q1,325,1
qdrant/qdrant,2024-Q2,472,1
qdrant/qdrant,2024-Q3,352,1
qdrant/qdrant,2024-Q4,331,1
qdrant/qdrant,2025-Q1,467,1
qdrant/qdrant,2025-Q2,206,1
qdrant/qdrant,2025-Q3,492,1
qdrant/qdrant,2025-Q4,331,1
tursodatabase/libsql,2023-Q1,1129,1
tursodatabase/libsql,2023-Q2,665,1
tursodatabase/libsql,2023-Q3,1495,1
tursodatabase/libsql,2023-Q4,1525,1
tursodatabase/libsql,2024-Q1,841,1
tursodatabase/libsql,2024-Q2,392,1
tursodatabase/libsql,2024-Q3,1143,1
tursodatabase/libsql,2024-Q4,307,1
tursodatabase/libsql,2025-Q1,138,1
tursodatabase/libsql,2025-Q2,93,1
tursodatabase/libsql,2025-Q3,95,1
tursodatabase/libsql,2025-Q4,56,1
inngest/inngest,2023-Q1,312,1
inngest/inngest,2023-Q2,211,1
inngest/inngest,2023-Q3,284,1
inngest/inngest,2023-Q4,427,1
inngest/inngest,2024-Q1,411,1
inngest/inngest,2024-Q2,247,1
inngest/inngest,2024-Q3,249,1
inngest/inngest,2024-Q4,190,1
inngest/inngest,2025-Q1,225,1
inngest/inngest,2025-Q2,297,1
inngest/inngest,2025-Q3,364,1
inngest/inngest,2025-Q4,345,1
milvus-io/milvus,2023-Q1,502,1
milvus-io/milvus,2023-Q2,602,1
milvus-io/milvus,2023-Q3,700,1
milvus-io/milvus,2023-Q4,646,1
milvus-io/milvus,2024-Q1,688,1
milvus-io/milvus,2024-Q2,733,1
milvus-io/milvus,2024-Q3,685,1
milvus-io/milvus,2024-Q4,704,1
milvus-io/milvus,2025-Q1,518,1
milvus-io/milvus,2025-Q2,554,1
milvus-io/milvus,2025-Q3,584,1
milvus-io/milvus,2025-Q4,572,1
oven-sh/bun,2023-Q1,999,1
oven-sh/bun,2023-Q2,883,1
oven-sh/bun,2023-Q3,1062,1
oven-sh/bun,2023-Q4,616,1
oven-sh/bun,2024-Q1,736,1
oven-sh/bun,2024-Q2,852,1
oven-sh/bun,2024-Q3,722,1
oven-sh/bun,2024-Q4,634,1
oven-sh/bun,2025-Q1,868,1
oven-sh/bun,2025-Q2,674,1
oven-sh/bun,2025-Q3,816,1
oven-sh/bun,2025-Q4,625,1
