repo,event_type,quarter,commits,commits_bot,pr_count_total,pr_count_refactor,pr_count_refactor_label,pr_count_refactor_title,pr_refactor_ratio,pr_review_latency_median,pr_review_latency_p75,issues_opened,issues_closed,issue_backlog_delta,contributor_count,contributor_turnover_frac,label_coverage_warn,commits_git,commits_git_bot,additions,deletions,churn_ratio,net_growth,files_touched,refactor_commit_count,refactor_commit_share,ai_coauthored_commits,size_bytes,qidx,f_latency,f_refactor,f_churn,f_backlog,S_latency,S_refactor,S_churn,S_backlog,CQI,core_size,turnover_core,event_quarter
Infisical/infisical,migration,2023-Q1,1087,20,156,5,0,5,0.0321,0.4195,3.0886,109,77,32,44,,1,809,18,82024,34793,0.2978,47231,3549,34,0.042,0,30038073,0,0.4195,0.0321,0.0038889645151338435,,0.4195,0.0321,0.0038889645151338435,0.0,-0.5612401430314237,6,,2024-Q1
Infisical/infisical,migration,2023-Q2,715,34,128,2,0,2,0.0156,0.282,1.6838,78,41,37,20,0.8636,0,510,34,88531,55100,0.3836,33431,3400,10,0.0196,0,44368207,1,0.282,0.0156,0.003237250493354397,,0.663745,0.044811,0.006776208202126195,0.0,-0.4787692058587813,5,0.5,2024-Q1
Infisical/infisical,migration,2023-Q3,934,3,158,5,0,5,0.0316,0.269,1.4564,134,103,31,42,0.65,0,725,3,92582,62712,0.4038,29870,3813,16,0.0221,0,86341965,2,0.269,0.0316,0.0017985923762564356,0.3315508021390374,0.8730079500000001,0.07237800999999999,0.007964941840191274,0.3315508021390374,-0.46730474911478415,8,0.2,2024-Q1
Infisical/infisical,migration,2023-Q4,583,3,108,4,2,2,0.037,0.2557,1.8584,81,48,33,24,0.7857,0,434,3,49353,30041,0.3784,19312,2059,15,0.0346,0,207639203,3,0.2557,0.037,0.0003823651740755333,0.308411214953271,1.0501372345000002,0.1028639891,0.007630462248649593,0.6101224448997951,-0.439867351295945,5,0.5,2024-Q1
Infisical/infisical,migration,2024-Q1,1557,26,220,21,9,13,0.0955,0.0892,1.5502,94,49,45,25,0.6667,0,1300,26,150469,121903,0.4476,28566,7354,69,0.0531,0,285036188,4,0.0892,0.0955,0.0009555698941637544,0.44776119402985076,1.0448248833950002,0.189106230081,0.007899290540434884,1.0029726188886643,-0.3808887931148367,3,0.4,2024-Q1
Infisical/infisical,migration,2024-Q2,1733,4,296,44,2,44,0.1486,0.144,1.302,74,70,4,22,0.76,0,1347,23,85952,44829,0.3428,41123,4249,85,0.0631,0,308186287,5,0.144,0.1486,0.00042435697341718516,0.041343669250646,1.0947906438894501,0.32068666937371004,0.00761271136521293,0.9540487524393305,-0.08799130252755816,5,0.0,2024-Q1
Infisical/infisical,migration,2024-Q3,1604,6,318,15,3,14,0.0472,0.1814,1.2257,91,82,9,26,0.6818,0,1234,6,112269,46930,0.2948,65339,4880,83,0.0673,0,353056696,6,0.1814,0.0472,0.00045091624604111743,0.09399477806788512,1.1776594859393996,0.3390248691300762,0.007378483588384883,0.9621791427876759,-0.03160385793387008,6,0.0,2024-Q1
Infisical/infisical,migration,2024-Q4,1215,2,284,17,0,17,0.0599,0.3701,2.9533,68,72,-4,27,0.6923,1,918,1,105115,42252,0.2867,62863,4211,51,0.0556,0,397572498,7,0.3701,0.0599,0.00037066698713148914,-0.047058823529411764,1.4417701322048537,0.36841263090836934,0.007085087052561733,0.8285241964073733,0.13450757119103535,5,0.3333,2024-Q1
Infisical/infisical,migration,2025-Q1,1302,3,289,10,0,10,0.0346,0.1598,1.5984,64,45,19,22,0.7037,1,974,3,343245,276789,0.4464,66456,13386,58,0.0595,0,480561403,8,0.1598,0.0346,0.0012902284622304551,0.2324159021406728,1.4718108203064169,0.3698554941266161,0.007737657680061632,0.9863729208713825,0.09837167931794534,5,0.2,2024-Q1
Infisical/infisical,migration,2025-Q2,2090,0,420,10,0,10,0.0238,0.2121,1.8864,58,37,21,17,0.4545,1,1527,0,283980,98295,0.2571,185685,10788,41,0.0269,0,564703467,9,0.2121,0.0238,0.0006769482079344131,0.2828282828282828,1.5514478464788393,0.36036849965522066,0.0077182166967904985,1.1804276408212409,0.04385258966406652,6,0.0,2024-Q1
Infisical/infisical,migration,2025-Q3,1677,1,395,17,0,17,0.043,0.1882,1.9656,69,48,21,22,0.3529,1,1209,1,228010,139763,0.38,88247,9688,43,0.0356,0,890750688,10,0.1882,0.043,0.00041287983826962814,0.298932384341637,1.6000175402957437,0.3709353346862508,0.007436457032348982,1.3731215374889663,0.022735392021615217,5,0.1667,2024-Q1
Infisical/infisical,migration,2025-Q4,2446,1,361,13,0,13,0.036,0.7357,2.651,64,22,42,18,0.5455,1,1947,0,277766,147507,0.3469,130259,13512,111,0.057,0,1043502804,11,0.7357,0.036,0.0004075437060349289,0.6486486486486487,2.191715961669127,0.3735511545644882,0.007174719605472502,1.898189247763608,0.029231851354307684,7,0.4,2024-Q1
LedgerHQ/ledger-live,migration,2023-Q1,1056,10,494,15,0,15,0.0304,2.0004,7.2179,44,29,15,56,,0,817,36,1149015,665425,0.3667,483590,9342,24,0.0294,0,311973216,0,2.0004,0.0304,0.005816012102782567,,2.0004,0.0304,0.005816012102782567,0.0,-0.16292305623620057,23,,
LedgerHQ/ledger-live,migration,2023-Q2,945,97,447,7,0,7,0.0157,1.5874,7.0171,33,45,-12,57,0.3571,0,762,90,157818,566642,0.7822,-408824,9500,22,0.0289,0,321204219,1,1.5874,0.0157,0.00225544982645449,,3.4077640000000002,0.043364,0.007548020839986626,0.0,0.22084005050465272,23,0.3043,
LedgerHQ/ledger-live,migration,2023-Q3,1151,165,516,9,0,9,0.0174,0.9753,4.6654,18,19,-1,54,0.4211,0,844,146,513798,276406,0.3498,237392,6124,13,0.0154,1,315119423,2,0.9753,0.0174,0.0025076334314054643,-0.025974025974025976,4.07636524,0.05686124,0.009376332395793295,-0.025974025974025976,0.4234007754843121,19,0.5217,
LedgerHQ/ledger-live,migration,2023-Q4,1092,97,506,6,0,6,0.0119,1.9219,6.1761,20,16,4,50,0.3519,0,866,90,952063,1422938,0.5991,-470875,8133,20,0.0231,0,340803962,3,1.9219,0.0119,0.006968818631281053,0.12631578947368421,5.6313923684,0.0636437284,0.015501281111452951,0.10267942583732058,0.7866675822087374,18,0.3684,
LedgerHQ/ledger-live,migration,2024-Q1,1290,67,482,18,0,18,0.0373,1.8728,6.9699,12,12,0,53,0.3,0,1064,66,90538,50512,0.3581,40026,6068,87,0.0818,0,330969706,4,1.8728,0.0373,0.0004261719349021025,0.0,6.997367055244,0.095215792844,0.01453233774632429,0.09343827751196172,1.205468402480731,20,0.4444,
LedgerHQ/ledger-live,migration,2024-Q2,1190,92,474,15,0,15,0.0316,0.9563,5.6666,12,13,-1,52,0.3396,0,945,82,383546,260454,0.4044,123092,6736,60,0.0635,0,293425238,5,0.9563,0.0316,0.0021947669000442287,-0.04819277108433735,7.32390402027204,0.11824637148804001,0.015419194249199334,0.036836061451547816,1.3502087923589043,21,0.45,
LedgerHQ/ledger-live,migration,2024-Q3,1155,67,550,12,0,12,0.0218,0.8981,3.1723,16,16,0,57,0.25,0,913,57,422937,228685,0.3509,194252,6670,53,0.0581,0,264818674,6,0.8981,0.0218,0.00246063463032067,0.0,7.562852658447556,0.1294041980541164,0.016492101397092063,0.03352081592090851,1.4328117169922066,23,0.3333,
LedgerHQ/ledger-live,migration,2024-Q4,1470,112,593,11,0,11,0.0185,1.039,4.256,20,18,2,54,0.3158,0,1133,98,150878,310119,0.6727,-159241,5911,18,0.0159,0,285288244,7,1.039,0.0185,0.0016158990413919754,0.13333333333333333,7.9211959191872765,0.13625782022924593,0.016623711312745752,0.16383727582136007,1.5008078330757961,19,0.5217,
LedgerHQ/ledger-live,migration,2025-Q1,1663,271,674,10,0,10,0.0148,0.9679,4.8565,8,12,-4,71,0.2407,0,1164,257,230326,98293,0.2991,132033,6449,23,0.0198,0,281772836,8,0.9679,0.0148,0.0011662550750633747,-0.26666666666666666,8.176188286460421,0.1387946164086138,0.01629383236966201,-0.11757474566922899,1.6530213131862173,29,0.2632,
LedgerHQ/ledger-live,migration,2025-Q2,1777,289,619,22,0,22,0.0355,0.9699,4.4503,7,7,0,68,0.2817,0,1204,268,715263,453405,0.388,261858,7646,69,0.0573,0,283881617,9,0.9699,0.0355,0.004116744199044069,0.0,8.410231340678983,0.16180310093183856,0.0189441316554365,-0.10699301855899838,1.7510793488143153,31,0.5172,
LedgerHQ/ledger-live,migration,2025-Q3,2546,292,897,47,0,47,0.0524,0.7257,3.0078,18,12,6,72,0.1765,0,1646,275,893453,922494,0.508,-29041,9550,121,0.0735,0,282348921,10,0.7257,0.0524,0.006431570531838512,0.47058823529411764,8.379010520017875,0.1996408218479731,0.023670730338285727,0.3732245884054291,1.6716079182600745,30,0.2903,
LedgerHQ/ledger-live,migration,2025-Q4,2721,269,1001,54,0,54,0.0539,0.7891,3.6671,9,22,-13,73,0.25,0,1680,258,215489,205927,0.4887,9562,13344,115,0.0685,8,309938093,11,0.7891,0.0539,0.0013596779793053704,-0.9811320754716981,8.413999573216266,0.23557314788165554,0.022900042587145383,-0.6414977000227576,2.046698736161445,32,0.4,
PostHog/posthog,full_rewrite,2023-Q1,965,3,984,66,0,66,0.0671,0.3597,1.8427,247,172,75,30,,0,956,3,134049,74590,0.3575,59459,5972,65,0.068,0,42054808,0,0.3597,0.0671,0.0049611212111585435,,0.3597,0.0671,0.0049611212111585435,0.0,-0.5081532023213687,13,,
PostHog/posthog,full_rewrite,2023-Q2,1031,1,1030,65,0,65,0.0631,0.3169,2.2872,161,129,32,28,0.3,1,1025,1,167420,87300,0.3427,80120,5660,60,0.0585,0,53424261,1,0.3169,0.0631,0.00476787128604362,,0.6442270000000001,0.12416100000000002,0.009282491588197895,0.0,-0.32878718080241703,10,0.4615,
PostHog/posthog,full_rewrite,2023-Q3,948,4,943,38,0,38,0.0403,0.608,2.8303,218,148,70,38,0.2857,1,947,1,90330,59669,0.3978,30661,4827,37,0.0391,0,63961449,2,0.608,0.0403,0.002345146996278962,0.3431372549019608,1.1942465700000002,0.15328651000000004,0.010792214341539047,0.3431372549019608,-0.23072836091562937,12,0.2,
PostHog/posthog,full_rewrite,2023-Q4,1499,4,1369,39,0,39,0.0285,0.3733,1.83,291,224,67,53,0.3158,0,1479,3,268036,136274,0.3371,131762,10920,63,0.0426,0,66810299,3,0.3733,0.0285,0.006051611892950816,0.3210862619808307,1.4600643787000003,0.16799072410000004,0.01587252694375135,0.633341163941615,-0.2266684157610896,16,0.0833,
PostHog/posthog,full_rewrite,2024-Q1,1251,22,1215,54,0,54,0.0444,0.3964,2.0106,280,369,-89,40,0.434,0,1249,22,212082,127015,0.3746,85067,7022,62,0.0496,0,97538320,4,0.3964,0.0444,0.0034765515748067014,-0.3882224645583424,1.7250585846170003,0.19727155893100004,0.01792055109362043,0.1881179946285273,0.024398918359120392,16,0.125,
PostHog/posthog,full_rewrite,2024-Q2,1446,11,1459,76,0,76,0.0521,0.4325,2.0203,373,484,-111,53,0.225,0,1386,10,278591,178211,0.3901,100380,8658,71,0.0512,0,121047020,5,0.4325,0.0521,0.0037737566773638873,-0.4673684210526316,2.0023033120014704,0.23161711862721004,0.020081458172558478,-0.29618104594067174,0.2998449729613952,19,0.1875,
PostHog/posthog,full_rewrite,2024-Q3,1371,3,1387,74,0,74,0.0534,0.4639,1.8973,333,268,65,57,0.3396,0,1370,2,207221,102491,0.3309,104730,7781,71,0.0518,0,140215910,6,0.4639,0.0534,0.0022088220944399247,0.22375215146299485,2.2859960139213378,0.2641715779507612,0.02048294903146814,-0.04577260034301642,0.3654157365094681,18,0.2105,
PostHog/posthog,full_rewrite,2024-Q4,1309,2,1318,56,0,56,0.0425,0.5439,1.8468,343,242,101,58,0.386,0,1308,1,211000,98755,0.3188,112245,6839,56,0.0428,1,146369593,7,0.5439,0.0425,0.002116252383102548,0.3163664839467502,2.624156372668417,0.2828961359351927,0.020755736001738558,0.2747134176346053,0.3971550984110717,21,0.2778,
PostHog/posthog,full_rewrite,2025-Q1,2562,1,2584,135,0,135,0.0522,0.3144,1.6108,418,285,133,76,0.2586,0,2558,0,423379,193447,0.3136,229932,14416,133,0.052,0,186128663,8,0.3144,0.0522,0.0033139764185594564,0.400300978179082,2.7023822991282596,0.3096354837010254,0.022201696180141544,0.6502901882265728,0.3601346591168325,29,0.2381,
PostHog/posthog,full_rewrite,2025-Q2,2667,4,2695,133,1,133,0.0494,0.2073,1.456,615,337,278,88,0.2368,0,2662,4,435356,209535,0.3249,225821,14253,128,0.0481,6,207969018,9,0.2073,0.0494,0.003100899384926653,0.7580095432856169,2.6664678922067164,0.33116829016793314,0.023304442908855458,1.3497736145717982,0.19078670426105554,34,0.1724,
PostHog/posthog,full_rewrite,2025-Q3,3204,4,3239,178,0,178,0.055,0.4055,1.8794,636,375,261,106,0.2273,0,3202,4,741296,346514,0.3185,394782,24038,175,0.0547,26,232117831,10,0.4055,0.055,0.004686455992258518,0.6108835576360445,2.831985781908112,0.35636314405281916,0.025893499039316984,1.839177546896381,0.13797347718694497,40,0.2059,
PostHog/posthog,full_rewrite,2025-Q4,3788,1,3847,257,1,256,0.0668,0.4516,2.4737,654,386,268,122,0.2358,0,3786,1,909218,358419,0.2827,550799,24122,256,0.0676,174,272878889,11,0.4516,0.0668,0.004645419822124825,0.532803180914513,3.028707061536382,0.39109046108806544,0.02820850394790328,2.2064547485902195,0.1481017816701134,47,0.25,
airbytehq/airbyte,migration,2023-Q1,1401,1,1409,39,0,39,0.0277,1.7845,6.9987,1370,1341,29,162,,0,1395,1,304712,418405,0.5786,-113693,22179,32,0.0229,0,139530021,0,1.7845,0.0277,0.005182519108199661,,1.7845,0.0277,0.005182519108199661,0.0,-0.22248588577527018,46,,
airbytehq/airbyte,migration,2023-Q2,1126,0,1098,66,9,58,0.0601,0.786,4.2741,1241,1265,-24,146,0.6111,0,1122,0,253490,197516,0.4379,55974,9648,53,0.0472,0,121903925,1,0.786,0.0601,0.003699683992947725,,2.409895,0.085307,0.008415776381409416,0.0,0.047645794757803395,31,0.4783,
airbytehq/airbyte,migration,2023-Q3,1133,0,1115,94,12,83,0.0843,0.9294,4.4526,1139,1051,88,117,0.5685,0,1122,0,288637,218611,0.431,70026,13627,79,0.0704,0,156485506,2,0.9294,0.0843,0.003241501484488921,0.0674071237073918,3.1224044500000003,0.16192937000000002,0.01089985799157149,0.0674071237073918,0.3605997841132197,32,0.2581,
airbytehq/airbyte,migration,2023-Q4,1080,0,1036,77,31,68,0.0743,1.0241,5.0976,797,1048,-251,108,0.5128,0,1080,0,153781,113974,0.4257,39807,9912,68,0.063,0,219549506,3,1.0241,0.0743,0.001219565486063995,-0.2008,3.8654880495000006,0.22165572670000003,0.011138436258394053,-0.13945951742627347,0.7308050521999326,31,0.2812,
airbytehq/airbyte,migration,2024-Q1,1167,6,1117,104,58,98,0.0931,0.9493,4.6172,459,795,-336,99,0.5185,0,1164,2,272606,277930,0.5048,-5324,12775,95,0.0816,0,197329533,4,0.9493,0.0931,0.0027899321081350757,-0.29557950296899055,4.466894125045,0.29480671129700003,0.012925909103273663,-0.4224876638268994,1.1105257002564035,25,0.3226,
airbytehq/airbyte,migration,2024-Q2,2196,3,2082,113,29,110,0.0543,0.9973,5.2484,349,562,-213,118,0.4141,0,2194,0,405020,271181,0.401,133839,16448,108,0.0492,0,204390447,5,0.9973,0.0543,0.0033083786934523414,-0.23432343234323433,5.06217365379095,0.32257410728027003,0.015070955977431376,-0.6187872064257127,1.371442793891272,19,0.44,
airbytehq/airbyte,migration,2024-Q3,4270,1,4152,219,3,217,0.0527,0.4122,0.4923,495,433,62,119,0.5508,0,4264,1,961226,292922,0.2336,668304,18862,217,0.0509,0,235490253,6,0.4122,0.0527,0.005325689636929474,0.09037900874635568,5.018778024949765,0.3462424376250457,0.019040259576392028,-0.47271734910104296,1.3579774704417602,6,0.7368,
airbytehq/airbyte,migration,2024-Q4,3486,16,3480,97,30,68,0.0279,0.2199,0.9756,437,560,-123,95,0.6218,0,3484,9,642943,307045,0.3232,335898,14358,68,0.0195,0,256247396,7,0.2199,0.0279,0.0037073079173846513,-0.2342857142857143,4.786988002704287,0.34298061823879156,0.0210339441319014,-0.6644585019676634,1.3430804693422682,4,0.6667,
airbytehq/airbyte,migration,2025-Q1,5294,57,5398,98,36,64,0.0182,0.2235,0.3331,299,311,-12,126,0.4737,0,5289,57,371236,310921,0.4558,60315,16147,60,0.0113,2,254807961,8,0.2235,0.0182,0.002677141629809596,-0.027586206896551724,4.579659082460901,0.33031236259730035,0.02181803078983987,-0.6322434436871254,1.2534697436554882,1,0.75,
airbytehq/airbyte,migration,2025-Q2,4602,54,4740,70,1,69,0.0148,0.2745,2.8373,197,175,22,94,0.5794,0,4599,54,336330,158831,0.3208,177499,13689,61,0.0133,15,263318910,9,0.2745,0.0148,0.0018804612247559432,0.05569620253164557,4.44198976503942,0.3153842499635433,0.021734869243510226,-0.5196453312236385,1.155791518968802,1,0.0,
airbytehq/airbyte,migration,2025-Q3,3219,534,3848,68,0,68,0.0177,0.0649,0.3083,205,197,8,86,0.5,0,3219,533,204490,294162,0.5899,-89672,9916,66,0.0205,17,563103285,10,0.0649,0.0177,0.0008855426940015099,0.022408963585434174,4.107110686185872,0.3046996674668244,0.020664273705595815,-0.45046828782807696,1.0305662598261252,1,0.0,
airbytehq/airbyte,migration,2025-Q4,411,2662,3135,25,0,25,0.008,0.1001,0.4132,156,245,-89,50,0.593,0,411,2662,128393,43628,0.2536,84765,3348,19,0.0462,88,670287240,11,0.1001,0.008,0.0002566377363829871,-0.31282952548330406,3.8375707244291437,0.28527669739481026,0.019061126808475177,-0.722755667406854,1.0038429254663856,16,0.0,
appwrite/appwrite,full_rewrite,2023-Q1,758,0,96,4,0,4,0.0417,6.2013,33.8829,173,244,-71,23,,0,564,0,19190,12130,0.3873,7060,1698,14,0.0248,0,103976319,0,6.2013,0.0417,0.00030122243508158813,,6.2013,0.0417,0.00030122243508158813,0.0,0.9489356810684502,7,,
appwrite/appwrite,full_rewrite,2023-Q2,805,0,135,7,0,7,0.0519,0.4537,5.1019,218,128,90,24,0.5217,1,607,0,649711,22335,0.0332,627376,34608,25,0.0412,0,103030712,1,0.4537,0.0519,0.006522773520190757,,6.096883,0.08984700000000001,0.006796885936115002,0.0,1.006123928112912,7,0.1429,
appwrite/appwrite,full_rewrite,2023-Q3,1425,0,219,15,0,15,0.0685,0.8842,5.9865,275,419,-144,29,0.3333,1,957,0,171080,50280,0.2271,120800,10095,43,0.0449,0,106357853,2,0.8842,0.0685,0.002081275559407917,-0.7365728900255755,6.43236353,0.15026077000000002,0.008266441761272569,-0.7365728900255755,1.4231076527940707,9,0.2857,
appwrite/appwrite,full_rewrite,2023-Q4,1201,0,188,11,0,11,0.0585,0.2117,1.8944,350,240,110,29,0.2759,1,811,0,94356,116407,0.5523,-22051,2524,33,0.0407,0,118920557,3,0.2117,0.0585,0.0017723008142318069,0.4954954954954955,6.065150812300001,0.1952373007,0.009294762816989844,-0.17478583442777823,1.2558253353539328,11,0.2222,
appwrite/appwrite,full_rewrite,2024-Q1,1635,0,267,19,0,19,0.0712,0.6264,4.438,152,193,-41,25,0.4138,0,1073,0,153019,75974,0.3318,77045,17055,36,0.0336,0,125394049,4,0.6264,0.0712,0.0018261871422622297,-0.16141732283464566,6.145687239193001,0.248865943637,0.010284421305722987,-0.32047243216392385,1.4245984445261612,8,0.3636,
appwrite/appwrite,full_rewrite,2024-Q2,1122,0,194,15,0,15,0.0773,0.902,6.4262,146,158,-12,27,0.36,0,717,0,73669,17341,0.1905,56328,1949,35,0.0488,0,131956619,5,0.902,0.0773,0.0006896963614989257,-0.04824120603015075,6.494575387665631,0.30376800870966997,0.010048519749706844,-0.33987111929932146,1.6309252860671783,10,0.25,
appwrite/appwrite,full_rewrite,2024-Q3,1255,0,190,8,0,8,0.0421,0.909,5.7372,140,86,54,20,0.3704,0,817,0,493662,105926,0.1767,387736,22761,43,0.0526,0,132046516,6,0.909,0.0421,0.004540733206470968,0.23401950162513543,6.819063602775724,0.3185288879257997,0.013684886178704198,-0.07526321693724711,1.66044179588468,8,0.3,
appwrite/appwrite,full_rewrite,2024-Q4,1151,0,170,9,0,9,0.0529,0.4567,3.99,154,170,-16,20,0.25,1,779,0,1314866,56321,0.0411,1258545,56304,32,0.0411,0,151285495,7,0.4567,0.0529,0.009063572155413842,-0.08121827411167512,6.662047878525909,0.34276128801247774,0.021516818578034662,-0.14970780152456997,1.6746199271144788,8,0.25,
appwrite/appwrite,full_rewrite,2025-Q1,1802,0,223,7,0,7,0.0314,0.5473,4.1641,131,108,23,18,0.2,1,1261,0,365966,206855,0.3611,159111,5040,40,0.0317,0,151435941,8,0.5473,0.0314,0.0037825961011461605,0.1554054054054054,6.609763569458577,0.34331277209135475,0.023362901007157703,0.01917130601804673,1.6099732460801017,8,0.25,
appwrite/appwrite,full_rewrite,2025-Q2,1792,0,275,15,0,15,0.0545,0.1418,2.6117,111,83,28,20,0.1667,1,1196,0,952529,180140,0.159,772389,29338,41,0.0343,0,158351889,9,0.1418,0.0545,0.007152860677273007,0.19614711033274956,6.1566848482073055,0.36691462260313285,0.028413100593786517,0.2135929988091721,1.4751494048300144,6,0.625,
appwrite/appwrite,full_rewrite,2025-Q3,1615,0,244,13,0,13,0.0533,0.1518,1.2146,126,119,7,28,0.15,1,1078,3,408471,450817,0.5246,-42346,18816,55,0.051,2,179612654,10,0.1518,0.0533,0.004784117270490307,0.05223880597014925,5.754383211868648,0.3871923065688509,0.03064003881083604,0.24660843488649586,1.3988181314755535,7,0.0,
appwrite/appwrite,full_rewrite,2025-Q4,1667,0,254,20,0,20,0.0787,0.1931,2.9034,103,66,37,25,0.2857,1,1026,19,338252,216687,0.3905,121565,8861,88,0.0858,4,188959805,11,0.1931,0.0787,0.0029368097622666364,0.2835249042145594,5.42958872280047,0.4310449989776543,0.030819245080127435,0.5079385799612707,1.328352836396704,9,0.2857,
astral-sh/ruff,full_rewrite,2023-Q1,1585,0,1297,62,4,58,0.0478,0.0187,0.2359,924,770,154,122,,0,1573,0,212483,125319,0.371,87164,14297,128,0.0814,0,3019240,0,0.0187,0.0478,0.11188312290510194,,0.0187,0.0478,0.11188312290510194,0.0,-0.8508424151388247,10,,
astral-sh/ruff,full_rewrite,2023-Q2,931,1,932,40,6,35,0.0429,0.1002,0.8766,549,479,70,81,0.8197,0,929,0,136052,78444,0.3657,57608,8253,35,0.0377,0,6813319,1,0.1002,0.0429,0.0314818666203652,,0.117217,0.086398,0.13329550846400795,0.0,-0.7910154982820712,8,0.7,
astral-sh/ruff,full_rewrite,2023-Q3,1218,38,1281,46,6,40,0.0359,0.0968,0.8869,856,657,199,72,0.7901,0,1213,37,323137,174094,0.3501,149043,10500,39,0.0322,0,9413960,2,0.0968,0.0359,0.05281847384097659,0.2701968771215207,0.20346746999999998,0.11452218,0.17411738654322384,0.2701968771215207,-0.87249338662323,6,0.5,
astral-sh/ruff,full_rewrite,2023-Q4,722,78,802,21,5,16,0.0262,0.0893,0.7729,675,565,110,103,0.6806,0,720,78,98165,51627,0.3447,46538,4053,16,0.0222,0,16447155,3,0.0893,0.0262,0.009107471778553798,0.14169171318162302,0.2744553977,0.1304151838,0.1675542935328875,0.38757087136220686,-0.842730221458237,12,0.0,
astral-sh/ruff,full_rewrite,2024-Q1,540,76,657,25,6,21,0.0381,0.0934,0.8032,540,421,119,92,0.767,0,537,69,78196,41709,0.3479,36487,3189,20,0.0372,0,19415739,4,0.0934,0.0381,0.006175659860281393,0.1584553928095872,0.343154411907,0.156777817258,0.15865006697520903,0.5111448857491955,-0.7894851469668869,14,0.5,
astral-sh/ruff,full_rewrite,2024-Q2,587,124,819,30,13,21,0.0366,0.1351,1.0005,512,380,132,86,0.7935,0,587,45,79936,112795,0.5852,-32859,3241,21,0.0358,0,21211308,5,0.1351,0.0366,0.00908623834041729,0.2015267175572519,0.44737051483537005,0.17926781370477998,0.15345779928785752,0.6666685635890198,-0.7516424531535557,10,0.5,
astral-sh/ruff,full_rewrite,2024-Q3,622,150,778,23,9,16,0.0296,0.1209,0.8027,550,387,163,86,0.7907,0,622,52,74260,34353,0.3163,39907,3333,16,0.0257,0,26404423,6,0.1209,0.0296,0.0041134396309285,0.2524196670538134,0.5280071685001867,0.1927337104713498,0.14376003698287884,0.8590880599198214,-0.739559927381853,9,0.3,
astral-sh/ruff,full_rewrite,2024-Q4,712,155,869,28,13,19,0.0322,0.1653,0.9967,612,480,132,85,0.7442,0,710,63,87362,35629,0.2897,51733,4620,19,0.0268,0,28058000,7,0.1653,0.0322,0.004383455698909402,0.2318840579710145,0.6457865233351698,0.20758767652892832,0.13520508935332917,1.013654192498052,-0.7065629124563633,14,0.1111,
astral-sh/ruff,full_rewrite,2025-Q1,910,147,1022,48,15,35,0.047,0.2269,1.0872,600,508,92,72,0.6706,0,896,59,137368,62489,0.3127,74879,5005,35,0.0391,0,30925772,8,0.2269,0.047,0.006462474081487764,0.16621499548328816,0.8145657362350046,0.23590478564132478,0.12949910539301732,1.0886403106565155,-0.6161792059573017,11,0.4286,
astral-sh/ruff,full_rewrite,2025-Q2,1097,157,1205,19,5,15,0.0158,0.3459,1.9313,504,357,147,99,0.5972,0,1095,84,166767,81558,0.3284,85209,9575,24,0.0219,0,34615019,9,0.3459,0.0158,0.00717390910575551,0.25857519788918204,1.087154819973854,0.23047335493360557,0.12501809501340128,1.2492378805866111,-0.59435384529185,16,0.1818,
astral-sh/ruff,full_rewrite,2025-Q3,918,145,1012,15,6,11,0.0148,0.3253,2.4357,368,243,125,92,0.6364,0,917,78,136770,56063,0.2907,80707,4315,14,0.0153,1,40450097,10,0.3253,0.0148,0.004767182634939046,0.22065313327449249,1.3146108861762071,0.22453075298958108,0.11853364909713421,1.3574596046083087,-0.566012451886764,16,0.3125,
astral-sh/ruff,full_rewrite,2025-Q4,967,139,1077,18,3,15,0.0167,0.2736,1.6712,341,235,106,86,0.6087,0,966,74,355126,69700,0.1641,285426,5361,18,0.0186,5,45980262,11,0.2736,0.0167,0.00923931229447975,0.2034548944337812,1.4698959064203485,0.22102298522051878,0.11710493297287188,1.4387431346273423,-0.5537500456182972,15,0.25,
dagger/dagger,full_rewrite,2023-Q1,466,99,311,3,0,3,0.0096,0.8961,5.0584,184,244,-60,29,,0,449,72,65181,25669,0.2825,39512,2125,9,0.02,0,9688646,0,0.8961,0.0096,0.009376955252570896,,0.8961,0.0096,0.009376955252570896,0.0,-0.49543463516865693,8,,
dagger/dagger,full_rewrite,2023-Q2,294,73,316,4,0,4,0.0127,0.7562,5.0176,102,87,15,31,0.3448,0,291,44,59044,24829,0.296,34215,1923,8,0.0275,0,11644311,1,0.7562,0.0127,0.007202916514339062,,1.5716510000000001,0.021435999999999997,0.015735945794178578,0.0,-0.31108166031099416,10,0.375,
dagger/dagger,full_rewrite,2023-Q3,249,50,262,14,6,10,0.0534,1.0577,4.5022,98,89,9,31,0.4194,0,243,50,70373,22161,0.2395,48212,1876,10,0.0412,0,395337,2,1.0577,0.0534,0.2340635963747385,0.06293706293706294,2.4879024100000002,0.07290676,0.24838330704744102,0.06293706293706294,-0.46082682335772207,11,0.3,
dagger/dagger,full_rewrite,2023-Q4,263,27,290,15,3,12,0.0517,0.8231,4.1232,137,126,11,28,0.4194,0,261,27,143745,65190,0.312,78555,2947,11,0.0421,0,27239069,3,0.8231,0.0517,0.0076704163420563305,0.0859375,3.0870911931000005,0.11804515160000001,0.23369922575522767,0.14321022727272728,-0.2094360233188589,8,0.4545,
dagger/dagger,full_rewrite,2024-Q1,443,35,377,14,1,13,0.0371,0.7793,3.0845,185,117,68,39,0.2857,0,442,33,273184,113170,0.2929,160014,4519,21,0.0475,0,24465571,4,0.7793,0.0371,0.01579174260841899,0.5220729366602687,3.588552985721001,0.14452108795600002,0.22845803804567616,0.6523942434784504,-0.1633210533046265,6,0.25,
dagger/dagger,full_rewrite,2024-Q2,439,26,427,15,3,12,0.0351,0.7869,4.0846,231,198,33,46,0.5128,0,438,25,110140,203082,0.6484,-92942,3879,20,0.0457,0,30069459,5,0.7869,0.0351,0.010416615742903788,0.25287356321839083,4.0524832170061105,0.16661419003996,0.2183134303644691,0.8465523247837807,-0.035083476571406855,10,0.0,
dagger/dagger,full_rewrite,2024-Q3,471,6,454,20,7,14,0.0441,0.8899,5.6008,239,156,83,34,0.587,0,471,6,74026,35845,0.3262,38181,3713,14,0.0297,0,30292169,6,0.8899,0.0441,0.0036270430156387944,0.5099846390168971,4.57765972747556,0.19571891293636362,0.20229226464730568,1.2803472545701375,0.06592245236866309,12,0.1,
dagger/dagger,full_rewrite,2024-Q4,354,34,325,9,1,8,0.0277,1.1427,7.0225,191,132,59,29,0.4412,0,352,33,86559,35317,0.2898,51242,3184,11,0.0312,1,60389932,7,1.1427,0.0277,0.0020181509725826483,0.29797979797979796,5.308370352002759,0.2058042107720909,0.18610411180163083,1.4630957996386231,0.25389981258539296,8,0.4167,
dagger/dagger,full_rewrite,2025-Q1,455,34,474,6,0,6,0.0127,1.0246,5.4871,148,112,36,43,0.3103,0,454,34,184271,150574,0.4497,33697,4444,6,0.0132,0,49362994,8,1.0246,0.0127,0.006783320314809106,0.1702127659574468,5.855217020322511,0.19998183180260273,0.17613806205429317,1.501629943628594,0.391536830042303,14,0.125,
dagger/dagger,full_rewrite,2025-Q2,365,36,395,17,0,17,0.043,0.7046,4.9381,160,107,53,47,0.4186,0,364,36,92591,58911,0.3888,33680,3901,17,0.0467,0,72106529,9,0.7046,0.043,0.0021010857421801567,0.2620519159456119,6.032847488493486,0.22498346694036847,0.16238672221158693,1.6285351646476325,0.47883232932037606,12,0.3571,
dagger/dagger,full_rewrite,2025-Q3,285,25,293,14,4,10,0.0478,1.0436,6.4704,101,79,22,30,0.5745,0,284,25,244132,61365,0.2009,182767,6743,12,0.0423,1,75040893,10,1.0436,0.0478,0.004071073621152136,0.11924119241192412,6.533491214529073,0.2525349549157353,0.15184299083369623,1.6012081922412698,0.6920592355043065,10,0.4167,
dagger/dagger,full_rewrite,2025-Q4,249,43,283,12,0,12,0.0424,0.5366,4.4259,95,51,44,29,0.4667,0,247,43,77244,32421,0.2956,44823,3695,12,0.0486,0,80319181,11,0.5366,0.0424,0.0013653650178529584,0.29333333333333333,6.4820770052214565,0.2722068089733191,0.13954248667651653,1.7504327882728887,0.7004743866572153,10,0.3,
inngest/inngest,full_rewrite,2023-Q1,311,1,41,0,0,0,0.0,1.0023,2.7496,29,13,16,6,,1,298,0,25776,29241,0.5315,-3465,1448,2,0.0067,0,62011265,0,1.0023,0.0,0.0008872097674511236,,1.0023,0.0,0.0008872097674511236,0.0,-0.47037776840571716,3,,
inngest/inngest,full_rewrite,2023-Q2,211,0,40,4,0,4,0.1,0.2054,1.8896,6,1,5,8,0.0,1,204,0,15485,21262,0.5786,-5777,741,7,0.0343,0,100650867,1,0.2054,0.1,0.00036509372542215657,,1.117493,0.1,0.0011724546138026791,0.0,-0.2396841303675728,5,0.3333,
inngest/inngest,full_rewrite,2023-Q3,283,1,135,1,0,1,0.0074,0.2436,1.694,16,54,-38,9,0.0,1,269,0,34115,11916,0.2589,22199,1324,5,0.0186,0,49084844,2,0.2436,0.0074,0.0009377843800420349,-2.1714285714285713,1.2605186300000002,0.09840000000000002,0.002004718078602473,-2.1714285714285713,0.4171201511302303,6,0.4,
inngest/inngest,full_rewrite,2023-Q4,420,7,267,12,0,12,0.0449,0.1868,0.9252,14,8,6,10,0.1111,0,411,5,61005,18752,0.2351,42253,2758,25,0.0608,0,169902881,3,0.1868,0.0449,0.0004694270016527854,0.35294117647058826,1.3338719533000003,0.134444,0.002293720453181036,-1.6230588235294117,0.3502221311910365,6,0.3333,
inngest/inngest,full_rewrite,2024-Q1,411,0,258,3,0,3,0.0116,0.5632,2.0053,5,2,3,10,0.2,0,403,0,35798,74556,0.6756,-38758,3360,11,0.0273,0,199725076,4,0.5632,0.0116,0.0005525295181262066,0.18461538461538463,1.7770234775030005,0.13394404000000001,0.0026398151305209493,-1.29236814479638,0.36703729971050597,6,0.0,
inngest/inngest,full_rewrite,2024-Q2,246,1,240,0,0,0,0.0,0.7155,1.8775,12,5,7,10,0.4,1,246,1,49929,15347,0.2351,34582,1588,0,0.0,0,200824471,5,0.7155,0.0,0.000325040069444525,0.6829268292682927,2.3325913645277305,0.12188907640000002,0.002727271838218589,-0.493128182496413,0.25504709260261793,6,0.5,
inngest/inngest,full_rewrite,2024-Q3,248,1,263,7,0,7,0.0266,0.219,2.0039,6,2,4,9,0.1,1,247,1,31529,17757,0.3603,13772,1666,7,0.0283,0,205921482,6,0.219,0.0266,0.0002393436542963497,0.3404255319148936,2.341658141720235,0.137519059524,0.002721161027075266,-0.1083211141568422,0.1781521798525682,5,0.3333,
inngest/inngest,full_rewrite,2024-Q4,189,1,191,4,0,4,0.0209,0.607,2.7149,14,5,9,12,0.0,1,189,1,55211,32160,0.3681,23051,1253,4,0.0212,0,204875749,7,0.607,0.0209,0.00042645847752336954,0.972972972972973,2.737908908965414,0.14604234416684,0.0029027150121618615,0.8744007590902466,0.013788670416276377,6,0.2,
inngest/inngest,full_rewrite,2025-Q1,219,6,212,7,0,7,0.033,0.3959,1.7837,14,10,4,10,0.25,0,219,6,45204,21208,0.3193,23996,1985,7,0.032,0,206480489,8,0.3959,0.033,0.0003216381379259519,0.43243243243243246,2.887397107158527,0.1658985331918244,0.002963108798993246,1.228137123204557,-0.009741866479766104,6,0.3333,
inngest/inngest,full_rewrite,2025-Q2,290,7,293,18,0,18,0.0614,0.1845,1.1374,30,12,18,14,0.1,1,290,7,70114,31131,0.3075,38983,1897,18,0.0621,2,216013450,9,0.1845,0.0614,0.0004686976667425107,1.565217391304348,2.8120313675142596,0.2123676652045602,0.003165126673826365,2.6828221734204947,-0.3544654488908299,7,0.3333,
inngest/inngest,full_rewrite,2025-Q3,363,1,365,14,0,14,0.0384,0.3682,2.7367,18,10,8,18,0.2143,1,363,1,86828,31732,0.2676,55096,2101,15,0.0413,5,223083637,10,0.3682,0.0384,0.0005314598667763337,0.5,2.9271485444379763,0.2316545753361498,0.0034117251399583257,2.94136817781265,-0.36094094821302874,10,0.2857,
inngest/inngest,full_rewrite,2025-Q4,344,1,330,7,0,7,0.0212,0.2164,2.7024,28,10,18,22,0.0556,1,337,1,130264,42874,0.2476,87390,3056,7,0.0208,2,251095660,11,0.2164,0.0212,0.0006895300380739357,0.9473684210526315,2.8801051754385587,0.23200566355589633,0.0037941999154360124,3.624013462862143,-0.5695673438249722,11,0.4,
milvus-io/milvus,full_rewrite,2023-Q1,502,0,831,357,350,12,0.4296,0.7248,1.8021,624,545,79,40,,0,501,0,140083,92171,0.3969,47912,3610,8,0.016,0,36912335,0,0.7248,0.4296,0.006292043025725683,,0.7248,0.4296,0.006292043025725683,0.0,0.31404621615665723,17,,
milvus-io/milvus,full_rewrite,2023-Q2,598,4,953,414,406,13,0.4344,0.8224,2.8246,781,606,175,47,0.225,0,598,4,122430,80274,0.396,42156,4773,9,0.0151,0,38522498,1,0.8224,0.4344,0.005261964060586102,,1.4819680000000002,0.8253360000000001,0.010987723213996475,0.0,1.2970823440119732,16,0.1176,
milvus-io/milvus,full_rewrite,2023-Q3,700,0,913,438,434,10,0.4797,0.9163,3.0229,835,895,-60,45,0.234,0,700,0,137826,112306,0.449,25520,4984,9,0.0129,0,40673738,2,0.9163,0.4797,0.006149717540099216,-0.08540925266903915,2.2648908800000003,1.23075576,0.016148545664836006,-0.08540925266903915,2.329903431256514,18,0.3125,
milvus-io/milvus,full_rewrite,2023-Q4,643,3,1008,262,257,7,0.2599,0.9514,3.7488,680,716,-36,46,0.1333,0,643,3,123684,135610,0.523,-11926,3439,6,0.0093,0,43857902,3,0.9514,0.2599,0.00591213870649809,-0.048214285714285716,3.0124507008000005,1.3798877416000002,0.02060731526149886,-0.12593670564311135,2.8251859072053254,19,0.2222,
milvus-io/milvus,full_rewrite,2024-Q1,688,0,1010,57,41,16,0.0564,0.9588,3.9366,714,599,115,44,0.2826,0,688,0,147460,70869,0.3246,76591,3503,10,0.0145,0,43169864,4,0.9588,0.0564,0.0050574400697671875,0.15753424657534246,3.7001301377280007,1.3120978448560001,0.02381009695773115,0.042931844440111125,2.8098122866248216,20,0.2105,
milvus-io/milvus,full_rewrite,2024-Q2,733,0,1246,67,46,23,0.0538,0.9013,3.466,737,713,24,51,0.1591,0,730,0,154146,59441,0.2783,94705,4174,14,0.0192,0,46057691,5,0.9013,0.0538,0.004637379672376542,0.03189368770764119,4.268418425332481,1.2478090388189602,0.02630456790391189,0.07096166614814231,2.8128373320895097,22,0.2,
milvus-io/milvus,full_rewrite,2024-Q3,685,0,1187,66,51,15,0.0556,1.0136,3.558,700,612,88,56,0.1961,0,684,0,149425,64620,0.3019,84805,4909,9,0.0132,0,49674918,6,1.0136,0.0556,0.0043089150142130075,0.11867835468644639,4.897860767052558,1.191106225325254,0.028246071806772827,0.18325347088125588,2.82372064512309,18,0.3182,
milvus-io/milvus,full_rewrite,2024-Q4,704,0,1119,52,40,12,0.0465,0.9459,3.1379,640,621,19,51,0.2679,0,700,0,166477,69703,0.2951,96774,4897,9,0.0129,0,52680345,7,0.9459,0.0465,0.004483266007464454,0.026845637583892617,5.402953298017828,1.1304066650459812,0.03018719135162773,0.19360629608583546,2.82397753683365,19,0.2222,
milvus-io/milvus,full_rewrite,2025-Q1,517,1,1019,108,96,13,0.106,1.0955,5.0163,623,601,22,50,0.2353,0,516,1,227877,94371,0.2929,133506,6255,8,0.0155,0,57166155,8,1.0955,0.106,0.005637041707632777,0.031529917592260835,6.012187501196223,1.134670065191843,0.03310738583761401,0.20771164703037112,2.978934625759348,19,0.2105,
milvus-io/milvus,full_rewrite,2025-Q2,554,0,802,50,42,11,0.0623,1.1038,4.4451,652,751,-99,47,0.28,0,552,0,800588,123358,0.1335,677230,4966,10,0.0181,0,62455421,9,1.1038,0.0623,0.014793687804938501,-0.14666666666666667,6.574890626088563,1.0948497593245772,0.044921408917167255,0.04235093213097105,3.066697781187468,17,0.3158,
milvus-io/milvus,full_rewrite,2025-Q3,583,1,741,41,21,20,0.0553,1.1912,4.814,543,478,65,50,0.2979,0,582,1,243062,116903,0.3248,126159,5347,18,0.0309,1,75531673,10,1.1912,0.0553,0.004765749065296091,0.0994263862332696,7.174350469740593,1.0516132809853653,0.045644231179918296,0.13796573447245325,3.1043164014283207,20,0.1176,
milvus-io/milvus,full_rewrite,2025-Q4,572,0,1123,39,27,13,0.0347,1.009,3.8496,551,480,71,49,0.36,0,571,0,208314,110388,0.3464,97926,3975,8,0.014,0,80310885,11,1.009,0.0347,0.0039683537293855,0.11554109031733116,7.537658927463939,0.9916680856966824,0.04550460410311115,0.2410899086872636,3.0472200740002076,16,0.35,
qdrant/qdrant,fuzzy,2023-Q1,101,71,205,1,0,1,0.0049,0.6008,1.7358,77,54,23,12,,0,100,57,49534,4804,0.0884,44730,711,1,0.01,0,6800480,0,0.6008,0.0049,0.007990318330470791,,0.6008,0.0049,0.007990318330470791,0.0,-0.5778816964486773,3,,2025-Q1
qdrant/qdrant,fuzzy,2023-Q2,210,102,309,6,0,6,0.0194,0.4966,2.4888,137,116,21,28,0.5,0,210,71,73026,10680,0.1276,62346,1299,6,0.0286,0,8167372,1,0.4966,0.0194,0.01024882912153383,,1.043328,0.023859,0.01752001880226225,0.0,-0.4453652756824115,6,0.0,2025-Q1
qdrant/qdrant,fuzzy,2023-Q3,156,115,312,11,3,9,0.0353,0.5504,2.5559,155,96,59,17,0.7143,0,153,68,34682,4655,0.1183,30027,778,6,0.0392,0,12360586,2,0.5504,0.0353,0.003182454294642665,0.5514018691588785,1.4998284800000001,0.057011690000000004,0.019125671404701314,0.5514018691588785,-0.4233193608975159,5,0.1667,2025-Q1
qdrant/qdrant,fuzzy,2023-Q4,290,58,305,10,0,10,0.0328,0.7348,1.8864,144,139,5,22,0.5294,0,285,49,70930,21315,0.2311,49615,2002,13,0.0456,0,13322161,3,0.7348,0.0328,0.006924176940963257,0.04065040650406504,2.0996439168000003,0.08468063790000001,0.02432853791924145,0.5424261074386445,-0.22154033640149093,5,0.0,2025-Q1
qdrant/qdrant,fuzzy,2024-Q1,244,81,357,11,0,11,0.0308,0.6185,2.0032,153,98,55,27,0.6818,0,240,66,45967,16580,0.2651,29387,1461,8,0.0333,0,12740800,4,0.6185,0.0308,0.004909189375863368,0.42884990253411304,2.529175964288,0.10785938048900001,0.027048158882373087,0.9224576603032795,-0.17945954636085593,6,0.2,2025-Q1
qdrant/qdrant,fuzzy,2024-Q2,376,96,430,21,2,19,0.0488,0.527,1.5553,120,102,18,21,0.6667,0,373,77,72982,22373,0.2346,50609,2531,24,0.0643,0,13738230,5,0.527,0.0488,0.0069408504589019105,0.12224108658743633,2.8285501275020803,0.14695203624499,0.03155467504186142,0.9616775574634208,-0.04419178586065681,6,0.1667,2025-Q1
qdrant/qdrant,fuzzy,2024-Q3,265,87,382,23,7,16,0.0602,0.5738,1.9219,111,65,46,22,0.5238,0,263,55,71981,19848,0.2161,52133,1941,13,0.0494,0,15472087,6,0.5738,0.0602,0.00593513984247891,0.32167832167832167,3.147780616026893,0.19392635298294092,0.0346498941305728,1.1968048989700346,0.05853448605072023,7,0.0,2025-Q1
qdrant/qdrant,fuzzy,2024-Q4,250,81,396,15,2,13,0.0379,0.5229,1.6301,92,47,45,18,0.4545,0,247,66,56989,13703,0.1938,43286,1851,12,0.0486,0,17284066,7,0.5229,0.0379,0.004090009839120031,0.3409090909090909,3.387380360584473,0.21437298121447623,0.03562141349794128,1.4300015489718223,0.09216956562306886,5,0.4286,2025-Q1
qdrant/qdrant,fuzzy,2025-Q1,337,130,407,25,8,17,0.0614,0.2283,1.1438,91,67,24,18,0.2778,0,335,97,63331,26046,0.2914,37285,2909,18,0.0537,0,18857596,8,0.2283,0.0614,0.004739575500503882,0.20168067226890757,3.3108161281318704,0.2564794129051734,0.037155061783630455,1.5029820818332658,0.13334970666198828,6,0.2,2025-Q1
qdrant/qdrant,fuzzy,2025-Q2,156,50,346,19,5,14,0.0549,0.6361,3.9759,85,76,9,13,0.3889,0,156,34,36047,8287,0.1869,27760,1073,3,0.0192,1,20647539,9,0.6361,0.0549,0.0021471808335124104,0.08695652173913043,3.648942676600002,0.2882962657437078,0.03595828705661613,1.4546702162074023,0.3006150474841136,6,0.1667,2025-Q1
qdrant/qdrant,fuzzy,2025-Q3,369,123,389,21,2,20,0.054,0.4763,1.6281,86,63,23,25,0.1538,0,358,81,84630,30195,0.263,54435,2502,27,0.0754,1,21564574,10,0.4763,0.054,0.0053247052318306865,0.24274406332453827,3.796837835706002,0.31634960182677413,0.03804674645335136,1.5664939600732746,0.35873973481486,7,0.1667,2025-Q1
qdrant/qdrant,fuzzy,2025-Q4,265,66,354,16,2,15,0.0452,0.5988,2.7115,65,53,12,16,0.56,0,263,46,57630,27721,0.3248,29909,1910,15,0.057,1,24085461,11,0.5988,0.0452,0.0035436730897531916,0.13559322033898305,4.053922430492462,0.3330781376623645,0.03816621236230293,1.561102724005663,0.4597590089534734,6,0.2857,2025-Q1
triggerdotdev/trigger.dev,full_rewrite,2023-Q1,1866,0,56,0,0,0,0.0,0.0008,0.0107,52,7,45,6,,1,1755,0,1307965,761836,0.3681,546129,6461,11,0.0063,0,1483319,0,0.0008,0.0,1.3953849441691235,,0.0008,0.0,1.3953849441691235,0.0,-3.5478744716907684,3,,2024-Q2
triggerdotdev/trigger.dev,full_rewrite,2023-Q2,1028,9,11,0,0,0,0.0,0.0775,0.194,2,0,2,6,0.3333,1,987,9,80337,587350,0.8797,-507013,4195,10,0.0101,0,49320658,1,0.0775,0.0,0.0135376742135111,,0.078228,0.0,1.2833379734074135,0.0,-3.3013801597389856,3,0.0,2024-Q2
triggerdotdev/trigger.dev,full_rewrite,2023-Q3,777,55,169,4,0,4,0.0237,0.6529,2.0581,161,129,32,32,0.3333,1,665,55,84007,33403,0.2845,50604,3641,15,0.0226,0,4559906,2,0.6529,0.0237,0.02574833779468261,1.1851851851851851,0.72408748,0.0237,1.1935858935954289,1.1851851851851851,-3.247458890171787,5,0.0,2024-Q2
triggerdotdev/trigger.dev,full_rewrite,2023-Q4,292,23,140,0,0,0,0.0,1.1525,4.0797,98,89,9,23,0.8125,1,253,23,65791,13913,0.1746,51878,1973,3,0.0119,0,17306347,3,1.1525,0.0,0.0046054779786860855,0.1255813953488372,1.8114196068000001,0.021567,1.0907686411505264,1.2040999138673556,-2.7702477891254347,7,0.4,2024-Q2
triggerdotdev/trigger.dev,full_rewrite,2024-Q1,223,14,133,2,0,2,0.015,0.0915,1.7391,37,27,10,20,0.7391,1,208,14,72748,19884,0.2147,52864,2351,3,0.0144,0,22472682,4,0.0915,0.015,0.0041219824140260606,0.12779552715654952,1.739891842188,0.03462597,0.9967214458610051,1.2235264487758433,-2.577630587078664,4,0.4286,2024-Q2
triggerdotdev/trigger.dev,full_rewrite,2024-Q2,397,43,146,4,0,4,0.0274,0.2121,1.9094,37,19,18,16,0.75,1,353,42,267895,17110,0.06,250785,2139,13,0.0368,0,25375020,5,0.2121,0.0274,0.011231715285347558,0.24161073825503357,1.79540157639108,0.0589096327,0.9182482310188622,1.355019806641051,-2.3935320421014112,3,0.25,2024-Q2
triggerdotdev/trigger.dev,full_rewrite,2024-Q3,293,20,119,1,0,1,0.0084,0.2528,2.1405,40,14,26,18,0.5625,1,272,20,67114,337781,0.8342,-270667,3200,2,0.0074,0,37053728,6,0.2528,0.0084,0.010927240573472122,0.3123123123123123,1.8866154345158828,0.062007765757,0.8465331308006369,1.5453803363556688,-2.2736192812173908,5,0.0,2024-Q2
triggerdotdev/trigger.dev,full_rewrite,2024-Q4,203,18,144,1,0,1,0.0069,0.1427,1.9441,43,24,19,18,0.6667,1,184,18,42655,11807,0.2168,30848,1825,2,0.0109,0,20940270,7,0.1427,0.0069,0.0026008260638473142,0.3584905660377358,1.8595200454094534,0.06332706683887,0.7729459750924268,1.7647866721213945,-2.19222568838633,5,0.4,2024-Q2
triggerdotdev/trigger.dev,full_rewrite,2025-Q1,372,11,203,2,0,2,0.0099,0.0338,0.6495,57,24,33,15,0.5556,1,349,11,118627,95094,0.4449,23533,3283,4,0.0115,0,25825524,8,0.0338,0.0099,0.008275572646657625,0.8407643312101911,1.7259632413226027,0.06752763082337171,0.7116564099807661,2.4467202028406603,-2.2903425188181683,4,0.4,2024-Q2
triggerdotdev/trigger.dev,full_rewrite,2025-Q2,278,22,300,10,0,10,0.0333,0.0545,0.8027,35,126,-91,12,0.6,1,277,22,71924,19562,0.2138,52362,1900,8,0.0289,7,28125892,9,0.0545,0.0333,0.0032527323933406274,-2.056497175141243,1.6251265496035685,0.09475014404926826,0.6508600654758379,0.17001820944375767,-1.4830201954823703,4,0.25,2024-Q2
triggerdotdev/trigger.dev,full_rewrite,2025-Q3,314,13,288,5,0,5,0.0174,0.067,0.9436,39,35,4,13,0.4167,1,309,13,70572,30782,0.3037,39790,1919,6,0.0194,0,30797186,10,0.067,0.0174,0.0032910149648087976,0.09142857142857143,1.5458651601392472,0.10362263108483412,0.5955736745478213,0.2461451420223909,-1.3955503759564063,5,0.25,2024-Q2
triggerdotdev/trigger.dev,full_rewrite,2025-Q4,172,9,175,1,0,1,0.0057,0.0414,1.1338,48,24,24,14,0.5385,1,169,9,71712,8525,0.1062,63187,1036,1,0.0059,0,35089224,11,0.0414,0.0057,0.002286656439025269,0.5517241379310345,1.4481372957267151,0.09999659428719905,0.5442587002775426,0.7757162171714103,-1.4765803562984485,5,0.4,2024-Q2
tursodatabase/libsql,pivot,2023-Q1,927,202,32,0,0,0,0.0,0.1695,1.5783,24,7,17,22,,1,861,0,52379,43268,0.4524,9111,3114,14,0.0163,0,280323,0,0.1695,0.0,0.3412028267391545,,0.1695,0.0,0.3412028267391545,0.0,-1.372391174104806,5,,2023-Q2
tursodatabase/libsql,pivot,2023-Q2,631,34,18,0,0,0,0.0,0.9994,3.4792,6,3,3,27,0.3182,1,580,0,46814,48815,0.5105,-2001,2172,7,0.0121,0,109531495,1,0.9994,0.0,0.0008730730827694811,,1.153645,0.0,0.3113676454154,0.0,-1.059524091265858,6,0.2,2023-Q2
tursodatabase/libsql,pivot,2023-Q3,1495,0,186,8,0,8,0.043,0.1037,0.5531,56,25,31,26,0.3333,1,1237,0,1469320,49481,0.0326,1419839,7051,41,0.0331,0,108871076,2,0.1037,0.043,0.013950454572525764,2.066666666666667,1.15351695,0.043,0.29729501190053975,2.066666666666667,-1.5392186201759201,6,0.5,2023-Q2
tursodatabase/libsql,pivot,2023-Q4,1525,0,234,3,0,3,0.0128,0.0888,1.0023,111,42,69,33,0.4231,1,1209,0,2353964,1147580,0.3277,1206384,9319,17,0.0141,0,109855703,3,0.0888,0.0128,0.03187403024492957,2.4069767441860463,1.1385004245,0.05193,0.30241249107442075,4.287643410852713,-2.174687168788692,6,0.1667,2023-Q2
tursodatabase/libsql,pivot,2024-Q1,841,0,293,20,0,20,0.0683,0.1367,1.1512,81,33,48,28,0.5758,1,749,0,663258,19600,0.0287,643658,2902,29,0.0387,0,124475166,4,0.1367,0.0683,0.00548589748416162,0.9746192893401016,1.172735386295,0.1155563,0.2806812643618845,4.876374793216071,-2.16306472871326,7,0.0,2023-Q2
tursodatabase/libsql,pivot,2024-Q2,392,0,143,5,0,5,0.035,0.2053,2.0038,73,23,50,28,0.5357,0,367,0,102285,8535,0.077,93750,2607,5,0.0136,0,110599376,5,0.2053,0.035,0.001001994803297986,0.7874015748031497,1.2724892015284501,0.14015623300000002,0.2564219453726129,5.224902636629775,-2.1390994478218968,5,0.2857,2023-Q2
tursodatabase/libsql,pivot,2024-Q3,1143,0,188,6,0,6,0.0319,0.2882,1.7678,44,26,18,28,0.4643,1,969,0,92039,40948,0.3079,51091,3376,30,0.031,0,110798463,6,0.2882,0.0319,0.0012002603321311415,0.22429906542056074,1.4461651733908896,0.15944217203,0.2345442306212089,4.978960464753656,-1.940592456296198,5,0.2,2023-Q2
tursodatabase/libsql,pivot,2024-Q4,307,0,67,5,0,5,0.0746,0.2461,1.405,43,11,32,12,0.7143,1,225,0,11791,4872,0.2924,6919,658,3,0.0133,0,111136212,7,0.2461,0.0746,0.00014993312890671494,0.41423948220064727,1.5621103077857095,0.2196923765473,0.2135851829942068,4.945093505126475,-1.7371693895119569,5,0.4,2023-Q2
tursodatabase/libsql,pivot,2025-Q1,138,0,42,1,0,1,0.0238,0.8052,6.6406,54,16,38,12,0.6667,1,92,0,70166,83309,0.5428,-13143,1601,6,0.0652,0,157845573,8,0.8052,0.0238,0.0009723110828074982,0.6307053941908713,2.2267203800849957,0.223720062658043,0.1953348276075357,5.1307404838559645,-1.5750350488934788,3,0.6,2023-Q2
tursodatabase/libsql,pivot,2025-Q2,93,0,35,0,0,0,0.0,1.2167,3.8571,53,20,33,13,0.6667,1,56,0,1720,609,0.2615,1111,117,1,0.0179,0,158098820,9,1.2167,0.0,1.473129274462643e-05,0.616822429906542,3.243015545877346,0.20358525701881913,0.17776942441560212,5.28579627021547,-1.3639807218286781,4,0.0,2023-Q2
tursodatabase/libsql,pivot,2025-Q3,95,0,24,0,0,0,0.0,0.1591,2.3272,18,4,14,10,0.6154,1,68,0,1574,683,0.3026,891,150,1,0.0147,0,158127719,10,0.1591,0.0,1.4273272353976091e-05,0.28865979381443296,3.1102441467483852,0.1852625838871254,0.1617844494905519,5.09873439971051,-1.3488333095285265,4,0.25,2023-Q2
tursodatabase/libsql,pivot,2025-Q4,56,0,22,1,0,1,0.0455,1.5604,3.6534,12,4,8,13,0.5,1,33,0,1568,244,0.1347,1324,72,0,0.0,0,158147775,11,1.5604,0.0455,1.1457638275340896e-05,0.19047619047619047,4.390722173541031,0.21408895133728412,0.14723530667467757,4.830324494212755,-0.8554429554265371,7,0.5,2023-Q2
weaviate/weaviate,migration,2023-Q1,797,7,167,3,0,3,0.018,0.9765,3.748,147,107,40,22,,1,604,7,82692,37540,0.3122,45152,8719,33,0.0546,0,9066565,0,0.9765,0.018,0.013261031052002605,,0.9765,0.018,0.013261031052002605,0.0,-0.46571681710001905,6,,2024-Q1
weaviate/weaviate,migration,2023-Q2,603,6,156,12,0,12,0.0769,1.5468,5.795,129,56,73,24,0.4091,1,429,6,57767,26064,0.3109,31703,2822,26,0.0606,0,10676483,1,1.5468,0.0769,0.007851930265800076,,2.435415,0.09328,0.019919468523122447,0.0,0.0470091208649987,7,0.1667,2024-Q1
weaviate/weaviate,migration,2023-Q3,705,7,214,6,0,6,0.028,0.3588,1.7337,129,46,83,24,0.4167,1,497,7,87087,41804,0.3243,45283,2397,17,0.0342,0,11633132,2,0.3588,0.028,0.011079647338309236,0.6014492753623188,2.57502765,0.11288480000000001,0.029206363694350663,0.6014492753623188,-0.06952483579938924,7,0.2857,2024-Q1
weaviate/weaviate,migration,2023-Q4,720,15,247,19,0,19,0.0769,0.5764,1.9453,75,33,42,21,0.5,0,476,15,62619,27492,0.3051,35127,2104,26,0.0546,0,12643595,3,0.5764,0.0769,0.007127007785364843,0.3111111111111111,2.9196751615000003,0.179625168,0.033704798747223944,0.8584299516908213,0.07046558818113316,7,0.4286,2024-Q1
weaviate/weaviate,migration,2024-Q1,833,12,382,18,0,18,0.0471,0.176,1.6114,113,50,63,30,0.381,1,535,12,75114,59901,0.4437,15213,9354,23,0.043,0,13783078,4,0.176,0.0471,0.009795707460989483,0.525,2.8329043969650005,0.21055890288,0.040467074320963276,1.3061712560386474,-0.03195519163049787,8,0.2857,2024-Q1
weaviate/weaviate,migration,2024-Q2,1292,10,451,17,0,17,0.0377,0.1064,1.1182,92,39,53,31,0.3,1,832,10,109991,52996,0.3252,56995,4317,54,0.0649,0,15284660,5,0.1064,0.0377,0.010663436412717064,0.47533632286995514,2.68434300123815,0.22930860162080002,0.047488474044793644,1.6639521658651244,-0.14943789860554052,9,0.375,2024-Q1
weaviate/weaviate,migration,2024-Q3,1426,3,455,6,0,6,0.0132,0.1682,1.2432,98,60,38,35,0.3548,1,853,3,71366,27905,0.2811,43461,2968,19,0.0223,0,17135105,6,0.1682,0.0132,0.005793428169830299,0.37163814180929094,2.6109521311267168,0.221870827474928,0.049007939550592516,1.8858346127465542,-0.2502113751303504,10,0.2222,2024-Q1
weaviate/weaviate,migration,2024-Q4,1950,21,648,23,0,23,0.0355,0.0723,0.664,68,141,-73,32,0.3714,1,1170,19,165536,99548,0.3755,65988,5434,69,0.059,0,16966684,7,0.0723,0.0355,0.015623795433450638,-0.7724867724867724,2.448266439325312,0.2374024530021845,0.06022102042448983,0.9436227251125918,-0.012102493965000172,7,0.3,2024-Q1
weaviate/weaviate,migration,2025-Q1,1990,38,686,29,0,29,0.0423,0.1284,1.0434,69,28,41,35,0.375,0,1210,37,128585,55903,0.303,72682,5126,68,0.0562,0,20774624,8,0.1284,0.0423,0.0088804495330457,0.4420485175202156,2.356322459786034,0.2583362322319879,0.06368157811933145,1.3007451973726742,-0.10326042659055774,8,0.1429,2024-Q1
weaviate/weaviate,migration,2025-Q2,1726,4,608,26,0,26,0.0428,0.1275,1.1564,40,76,-36,35,0.3143,1,977,4,145981,55886,0.2768,90095,7768,74,0.0757,0,22958689,9,0.1275,0.0428,0.008792618777143591,-0.44036697247706424,2.271753438405291,0.277885971331109,0.06674285486573521,0.7433111571320694,0.06873236825267798,13,0.125,2024-Q1
weaviate/weaviate,migration,2025-Q3,1505,15,585,13,0,13,0.0222,0.1524,1.0969,56,111,-55,26,0.3429,0,868,15,123099,52626,0.2995,70473,3774,25,0.0288,0,25886726,10,0.1524,0.0222,0.00678822806715689,-0.8,2.219695628948815,0.2750762339113092,0.06752422599497593,-0.12358684700981681,0.297651549669295,8,0.4615,2024-Q1
weaviate/weaviate,migration,2025-Q4,1548,22,562,20,0,20,0.0356,0.1772,1.0729,30,25,5,27,0.3077,0,870,22,86912,37453,0.3012,49459,3568,37,0.0425,7,25827263,11,0.1772,0.0356,0.004815260525282915,0.08583690987124463,2.1971230223434217,0.2859193728592914,0.06626230618071101,-0.026627120907688664,0.28837550817565205,7,0.25,2024-Q1
zed-industries/zed,transition,2023-Q1,1194,0,273,4,0,4,0.0147,0.0183,0.4691,448,269,179,9,,1,891,0,64542,36071,0.3585,28471,2918,19,0.0213,0,36803938,0,0.0183,0.0147,0.0027337563713969956,,0.0183,0.0147,0.0027337563713969956,0.0,-0.6969457945459621,6,,2024-Q1
zed-industries/zed,transition,2023-Q2,1896,0,310,4,0,4,0.0129,0.0243,0.5521,308,144,164,14,0.1111,1,1559,0,128358,97241,0.431,31117,6163,27,0.0173,0,38909530,1,0.0243,0.0129,0.005798039709037863,,0.040953,0.026277000000000002,0.008285758007009128,0.0,-0.679010438476777,8,0.3333,2024-Q1
zed-industries/zed,transition,2023-Q3,2132,0,381,7,0,7,0.0184,0.0184,0.541,317,210,107,16,0.1429,1,1717,0,174645,96142,0.355,78503,6517,40,0.0233,0,40275617,2,0.0184,0.0184,0.006723348272976178,0.2830687830687831,0.055667230000000005,0.04231207000000001,0.014263388059354485,0.2830687830687831,-0.7364579391634692,8,0.25,2024-Q1
zed-industries/zed,transition,2023-Q4,3784,0,726,6,0,6,0.0083,0.0112,0.0506,204,95,109,13,0.25,1,2995,0,746644,392983,0.3448,353661,13717,36,0.012,0,43362042,3,0.0112,0.0083,0.0262816728049846,0.3047530288909599,0.06185717930000001,0.04680398370000001,0.03926135593899718,0.5623456214835525,-0.8567559687062318,8,0.25,2024-Q1
zed-industries/zed,transition,2024-Q1,2647,0,1771,41,0,41,0.0232,0.026,0.4227,1505,1258,247,233,0.0769,0,2292,0,250492,509132,0.6702,-258640,12412,50,0.0218,0,58420721,4,0.026,0.0232,0.013002646783493138,0.7736883320281911,0.08229003316300001,0.06579162516700002,0.048730480687980575,1.285422847578224,-1.0404927362440803,17,0.0,2024-Q1
zed-industries/zed,transition,2024-Q2,1590,0,1607,27,0,27,0.0168,0.0256,0.4956,1578,1004,574,203,0.8026,0,1585,0,171113,89109,0.3424,82004,6352,26,0.0164,2,47276397,5,0.0256,0.0168,0.005504268863805336,0.9837189374464439,0.10048393017833002,0.07667037890197001,0.04984900628986766,2.153453728742628,-1.2659936360025044,21,0.2353,2024-Q1
zed-industries/zed,transition,2024-Q3,1889,99,1956,36,0,36,0.0184,0.0229,0.4356,2224,1368,856,257,0.7438,0,1883,32,194960,108963,0.3585,85997,7391,36,0.0191,2,23128120,6,0.0229,0.0184,0.013140843267848834,0.9500554938956715,0.11434037646228032,0.08817004480079271,0.0585034389916284,2.909698387051463,-1.4744210681690184,21,0.2381,2024-Q1
zed-industries/zed,transition,2024-Q4,1513,95,1632,31,0,31,0.019,0.039,0.6157,1734,1545,189,203,0.8054,0,1507,28,163828,93638,0.3637,70190,5877,30,0.0199,1,30813980,7,0.039,0.019,0.008355493188481332,0.1371801850843767,0.1430497425806751,0.09923474076872138,0.06159362267086318,2.785005717301208,-1.4150947199660533,21,0.1905,2024-Q1
zed-industries/zed,transition,2025-Q1,2332,140,2647,50,0,50,0.0189,0.0289,0.2951,1420,2140,-720,214,0.7241,0,2322,26,319690,210166,0.3966,109524,11705,47,0.0202,1,33388732,8,0.0289,0.0189,0.015869305848452107,-0.4090328078397955,0.15907526574841435,0.10920361409953645,0.07191950247893761,2.125322394904304,-1.2218785718571037,21,0.1905,2024-Q1
zed-industries/zed,transition,2025-Q2,2615,16,2801,53,0,53,0.0189,0.0305,0.4632,1643,1607,36,253,0.7056,0,2609,9,336815,184079,0.3534,152736,11118,52,0.0199,4,37285986,9,0.0305,0.0189,0.013970235358667999,0.020701552616446232,0.17525849183105707,0.11827528883057818,0.07941698261450122,1.954744931979363,-1.1654934176110836,24,0.2381,2024-Q1
zed-industries/zed,transition,2025-Q3,2277,1,2342,52,0,52,0.0222,0.0353,0.5406,1870,1619,251,261,0.7273,0,2271,1,300444,184198,0.3801,116246,10965,52,0.0229,5,43652309,10,0.0353,0.0222,0.011102322216219995,0.14299957271044011,0.19478522756626193,0.12983051283582617,0.08337177639541611,1.9218174608116605,-1.1356959095678854,29,0.0417,2024-Q1
zed-industries/zed,transition,2025-Q4,2388,0,2585,47,0,47,0.0182,0.0362,0.9637,2223,2031,192,370,0.7011,0,2384,0,390306,195360,0.3336,194946,10197,47,0.0197,7,53112046,11,0.0362,0.0182,0.01102698999771163,0.1151942402879856,0.21345455708529837,0.1363457666806018,0.0868953065175403,1.8640481296265967,-1.1082620196427537,52,0.1724,2024-Q1
