repo,event_type,quarter,commits,commits_bot,pr_count_total,pr_count_refactor,pr_count_refactor_label,pr_count_refactor_title,pr_refactor_ratio,pr_review_latency_median,pr_review_latency_p75,issues_opened,issues_closed,issue_backlog_delta,contributor_count,contributor_turnover_frac,label_coverage_warn,commits_git,commits_git_bot,additions,deletions,churn_ratio,net_growth,files_touched,refactor_commit_count,refactor_commit_share,ai_coauthored_commits,qidx,f_latency,f_refactor,f_churn,f_backlog,S_latency,zS_latency,S_refactor,zS_refactor,S_churn,zS_churn,S_backlog,zS_backlog,CQI_F,ACT,CQI_2SIG,event_quarter_debt
Infisical/infisical,migration,2023-Q1,1087,20,156,5,0,5,0.0321,0.4195,3.0886,109,77,32,44,,1,809,18,82024,34793,0.2978,47231,3549,34,0.042,0,0,0.4195,0.0321,144.39678615574783,0.7272727272727273,0.4195,-1.4066539316827085,0.0321,-1.6925801484128076,144.39678615574783,-1.723350583123265,0.7272727272727273,-2.2546773064419208,-3.2589394637705125,1.4430552930417275,-1.549617040047758,2024-Q1
Infisical/infisical,migration,2023-Q2,715,34,128,2,0,2,0.0156,0.282,1.6838,78,41,37,20,0.8636,0,510,34,88531,55100,0.3836,33431,3400,10,0.0196,0,1,0.282,0.0156,281.6294117647059,1.85,0.663745,-1.0766910998582016,0.044811,-1.6010316316910103,413.0304871664364,-1.2716707631971973,2.5118181818181817,-1.2095818501790003,-2.5145787629182226,0.5716207029908371,-1.3388613657746058,2024-Q1
Infisical/infisical,migration,2023-Q3,934,3,158,5,0,5,0.0316,0.269,1.4564,134,103,31,42,0.65,0,725,3,92582,62712,0.4038,29870,3813,16,0.0221,0,2,0.269,0.0316,214.19862068965517,0.7380952380952381,0.8730079500000001,-0.7939872755099027,0.07237800999999999,-1.4024855789843027,590.0563640111122,-0.974020037042492,3.0238497835497835,-0.9097173109655542,-2.005812953131386,0.39124580371474005,-1.0982364272471026,2024-Q1
Infisical/infisical,migration,2023-Q4,583,3,108,4,2,2,0.037,0.2557,1.8584,81,48,33,24,0.7857,0,434,3,49353,30041,0.3784,19312,2059,15,0.0346,0,3,0.2557,0.037,182.93548387096774,1.375,1.0501372345000002,-0.5546944330252304,0.1028639891,-1.182916216430867,719.8867751210798,-0.755723611499279,4.126703303030303,-0.26384572546075147,-1.4684788570399836,-0.1346445085506253,-0.8688053247280487,2024-Q1
Infisical/infisical,migration,2024-Q1,1557,26,220,21,9,13,0.0955,0.0892,1.5502,94,49,45,25,0.6667,0,1300,26,150469,121903,0.4476,28566,7354,69,0.0531,0,4,0.0892,0.0955,209.51692307692306,1.8,1.0448248833950002,-0.5618711548179051,0.189106230081,-0.5617731717786474,864.6138884371057,-0.5123799199406343,5.555300005757576,0.5727930494438381,-0.7737052763536985,-0.7648168851294552,-0.5618221632982763,2024-Q1
Infisical/infisical,migration,2024-Q2,1733,4,296,44,2,44,0.1486,0.144,1.302,74,70,4,22,0.76,0,1347,23,85952,44829,0.3428,41123,4249,85,0.0631,0,5,0.144,0.1486,97.090571640683,0.18181818181818182,1.0947906438894501,-0.4943699006386434,0.32068666937371004,0.38590946899313483,883.8892101184493,-0.4799704575638348,5.237141187057576,0.38646754288617996,-0.22446908133157334,-0.4165748091498469,-0.05423021582275428,2024-Q1
Infisical/infisical,migration,2024-Q3,1604,6,318,15,3,14,0.0472,0.1814,1.2257,91,82,9,26,0.6818,0,1234,6,112269,46930,0.2948,65339,4880,83,0.0673,0,6,0.1814,0.0472,129.01053484602917,0.34615384615384615,1.1776594859393996,-0.3824182218209844,0.3390248691300762,0.5179868025658945,933.349716053818,-0.39680772582061746,5.11195232637624,0.313152341449565,-0.05956133162441457,-0.3043183960371687,0.06778429037245504,2024-Q1
Infisical/infisical,migration,2024-Q4,1215,2,284,17,0,17,0.0599,0.3701,2.9533,68,72,-4,27,0.6923,1,918,1,105115,42252,0.2867,62863,4211,51,0.0556,0,7,0.3701,0.0599,160.53050108932462,-0.14814814814814814,1.4417701322048537,-0.025617891182691296,0.36841263090836934,0.7296464674684413,1009.8787426982991,-0.26813207252825155,4.503728468854231,-0.043045920840630705,0.238866101723225,0.1004019238349401,0.352014288142875,2024-Q1
Infisical/infisical,migration,2025-Q1,1302,3,289,10,0,10,0.0346,0.1598,1.5984,64,45,19,22,0.7037,1,974,3,343245,276789,0.4464,66456,13386,58,0.0595,0,8,0.1598,0.0346,636.5852156057495,0.8636363636363636,1.4718108203064169,0.014965582443989059,0.3698554941266161,0.7400384104676492,1555.5748714612018,0.6493996007005408,4.962029270293713,0.22535188542766463,0.8553176316055845,0.0735468162972548,0.3775019964558191,2024-Q1
Infisical/infisical,migration,2025-Q2,2090,0,420,10,0,10,0.0238,0.2121,1.8864,58,37,21,17,0.4545,1,1527,0,283980,98295,0.2571,185685,10788,41,0.0269,0,9,0.2121,0.0238,250.34381139489196,1.2352941176470589,1.5514478464788393,0.12255123895255578,0.36036849965522066,0.6717101694162648,1665.9169444245856,0.8349283986840342,5.750740753614338,0.687250339973182,1.0936523779135523,-0.33348640153536935,0.3971307041844103,2024-Q1
Infisical/infisical,migration,2025-Q3,1677,1,395,17,0,17,0.043,0.1882,1.9656,69,48,21,22,0.3529,1,1209,1,228010,139763,0.38,88247,9688,43,0.0356,0,10,0.1882,0.043,304.19602977667495,0.9545454545454546,1.6000175402957437,0.18816647657328514,0.3709353346862508,0.7478157530473509,1820.180449203048,1.094306547432123,6.187719540334502,0.9431611901682816,1.3830969265360005,-0.5005906722015899,0.467991114810318,2024-Q1
Infisical/infisical,migration,2025-Q4,2446,1,361,13,0,13,0.036,0.7357,2.651,64,22,42,18,0.5455,1,1947,0,277766,147507,0.3469,130259,13512,111,0.057,0,11,0.7357,0.036,218.42475603492554,2.3333333333333335,2.191715961669127,0.9875215778136459,0.3735511545644882,0.7666556893123203,1874.7889648096993,1.186125125677675,7.96415811503773,1.9835089594131998,2.1326249427689223,-1.4734871545250183,0.877088633562983,2024-Q1
Infisical/infisical,migration,2026-Q1,2715,156,499,21,0,21,0.0421,0.6743,2.7648,46,117,-71,33,0.2778,1,2109,148,273581,102961,0.2734,170620,9280,233,0.1105,32,12,0.6743,0.0421,178.54054054054055,-2.1515151515151514,2.6687615251189056,1.6319863776056849,0.3820315506536842,0.8277341003877062,1884.598498517367,1.202618843338445,5.095868733169183,0.303733197690429,2.110454917024409,0.13664169043075045,1.2298602389966955,2024-Q1
Infisical/infisical,migration,2026-Q2,4162,112,776,51,0,51,0.0657,0.7725,2.8428,69,115,-46,35,0.4242,1,3059,111,585662,318988,0.3526,266674,18515,213,0.0696,51,13,0.7725,0.0657,295.7338999673096,-1.3142857142857143,3.201072987858204,2.351112655147106,0.4133487110948526,1.0532898856388682,2010.7185336181135,1.414676654882753,3.322954832898243,-0.7345503925644798,2.4915328285980944,1.2114065968188206,1.7022012703929872,2024-Q1
LedgerHQ/ledger-live,migration,2023-Q1,1056,10,494,15,0,15,0.0304,2.0004,7.2179,44,29,15,56,,0,817,36,1149015,665425,0.3667,483590,9342,24,0.0294,0,0,2.0004,0.0304,2220.856793145655,0.26785714285714285,2.0004,-2.312280275481068,0.0304,-1.3258383629208517,2220.856793145655,-2.3223760293078337,0.26785714285714285,2.7347905008108295,-2.6507282853181535,-3.3906201435910615,-1.8190593192009599,
LedgerHQ/ledger-live,migration,2023-Q2,945,97,447,7,0,7,0.0157,1.5874,7.0171,33,45,-12,57,0.3571,0,762,90,157818,566642,0.7822,-408824,9500,22,0.0289,0,1,1.5874,0.0157,950.7349081364829,-0.21052631578947367,3.4077640000000002,-1.6329499081718406,0.043364,-1.1736841770511601,2971.714589899029,-1.7857529001375436,0.03322368421052632,-0.1670559606829489,-2.606712429815103,-0.47113321115575174,-1.4033170426115005,
LedgerHQ/ledger-live,migration,2023-Q3,1151,165,516,9,0,9,0.0174,0.9753,4.6654,18,19,-1,54,0.4211,0,844,146,513798,276406,0.3498,237392,6124,13,0.0154,1,2,0.9753,0.0174,936.260663507109,-0.018518518518518517,4.07636524,-1.3102181017929615,0.05686124,-1.015271529435622,3640.5209403152257,-1.3077703072669202,0.011715034113060435,-0.4330657639601646,-2.1358288261568896,-0.0746116459810103,-1.1627448156142917,
LedgerHQ/ledger-live,migration,2023-Q4,1092,97,506,6,0,6,0.0119,1.9219,6.1761,20,16,4,50,0.3519,0,866,90,952063,1422938,0.5991,-470875,8133,20,0.0231,0,3,1.9219,0.0119,2742.4953810623556,0.08,5.6313923684,-0.5596111868002625,0.0636437284,-0.935667703404102,6055.369436749212,0.4180738701948401,0.090660681042885,0.5433002987277669,-0.4629324365523696,-0.5703222897757021,-0.7476394451021822,
LedgerHQ/ledger-live,migration,2024-Q1,1290,67,482,18,0,18,0.0373,1.8728,6.9699,12,12,0,53,0.3,0,1064,66,90538,50512,0.3581,40026,6068,87,0.0818,0,4,1.8728,0.0373,132.56578947368422,0.0,6.997367055244,0.09974068361054889,0.095215792844,-0.5651168115727031,5642.951976915467,0.12332731661654793,0.08250121974902534,0.4423875643724208,-0.08934617820416992,-0.4893369766603164,-0.2326880639810771,
LedgerHQ/ledger-live,migration,2024-Q2,1190,92,474,15,0,15,0.0316,0.9563,5.6666,12,13,-1,52,0.3396,0,945,82,383546,260454,0.4044,123092,6736,60,0.0635,0,5,0.9563,0.0316,681.4814814814815,-0.019230769230769232,7.32390402027204,0.25735909390990175,0.11824637148804001,-0.29481451724288116,5816.5677804745565,0.2474070773676965,0.05584534074084384,0.11271903106065136,0.13916920831953433,-0.09916234240150577,-0.018727711666489705,
LedgerHQ/ledger-live,migration,2024-Q3,1155,67,550,12,0,12,0.0218,0.8981,3.1723,16,16,0,57,0.25,0,913,57,422937,228685,0.3509,194252,6670,53,0.0581,0,6,0.8981,0.0218,713.7152245345017,0.0,7.562852658447556,0.3726988824364047,0.1294041980541164,-0.16385879237119272,6006.791904766348,0.383356474527207,0.05081926007416789,0.050558610795345765,0.3380740564392257,0.01532973462157515,0.10442004503260599,
LedgerHQ/ledger-live,migration,2024-Q4,1470,112,593,11,0,11,0.0185,1.039,4.256,20,18,2,54,0.3158,0,1133,98,150878,310119,0.6727,-159241,5911,18,0.0159,0,7,1.039,0.0185,406.88172992056485,0.037037037037037035,7.9211959191872765,0.5456700959540876,0.13625782022924593,-0.08342009271712783,5873.062363257942,0.2877826317342817,0.08328256370452983,0.4520508928915861,0.5214518366171207,-0.37881137343718124,0.23112500161847988,
LedgerHQ/ledger-live,migration,2025-Q1,1663,271,674,10,0,10,0.0148,0.9679,4.8565,8,12,-4,71,0.2407,0,1164,257,230326,98293,0.2991,132033,6449,23,0.0198,0,8,0.9679,0.0148,282.31872852233676,-0.056338028169014086,8.176188286460421,0.6687541442320846,0.1387946164086138,-0.0536465538873638,5626.805479087064,0.11178773585001184,0.019449104802108062,-0.3374140790239709,0.3101596288098764,0.33414204721120216,0.30755379517236037,
LedgerHQ/ledger-live,migration,2025-Q2,1777,289,619,22,0,22,0.0355,0.9699,4.4503,7,7,0,68,0.2817,0,1204,268,715263,453405,0.388,261858,7646,69,0.0573,0,9,0.9699,0.0355,970.6544850498339,0.0,8.410231340678983,0.7817260221460208,0.16180310093183856,0.2163964290443441,6091.047471019062,0.4435722514799724,0.017698685369918338,-0.35906251938166045,0.708600993434919,0.48256002093649664,0.49906122559518246,
LedgerHQ/ledger-live,migration,2025-Q3,2546,292,897,47,0,47,0.0524,0.7257,3.0078,18,12,6,72,0.1765,0,1646,275,893453,922494,0.508,-29041,9550,121,0.0735,0,10,0.7257,0.0524,1103.2484811664642,0.08333333333333333,8.379010520017875,0.7666558259726028,0.1996408218479731,0.6604852612843203,6646.101679793811,0.8402584517961137,0.09943913701995902,0.6518684951025958,1.4284217656323834,-0.30614543842967135,0.7135705436284616,
LedgerHQ/ledger-live,migration,2025-Q4,2721,269,1001,54,0,54,0.0539,0.7891,3.6671,9,22,-13,73,0.25,0,1680,258,215489,205927,0.4887,9562,13344,115,0.0685,8,11,0.7891,0.0539,250.84285714285716,-0.1780821917808219,8.413999573216266,0.7835449366511942,0.23557314788165554,1.0822111031586856,6298.795385755226,0.5920455530376842,-0.0875925770926592,-1.6612599091555476,0.967268070846619,1.909822485128909,0.9328780199049399,
LedgerHQ/ledger-live,migration,2026-Q1,4480,313,1599,93,0,93,0.0582,0.7306,2.8211,8,6,2,78,0.2192,0,2814,302,1702977,1863127,0.5225,-160150,24443,230,0.0817,102,12,0.7306,0.0582,1267.272210376688,0.02564102564102564,8.387339611626803,0.7706762534256608,0.2725715645723066,1.5164492989341882,6999.176011413943,1.0925936522600928,-0.054068219513294234,-1.2466449647368556,1.595053521545712,1.7136198318994933,1.1435627761799245,
LedgerHQ/ledger-live,migration,2026-Q2,5843,312,2174,168,0,168,0.0773,0.7498,2.9368,18,15,3,92,0.1154,0,3648,301,704029,486803,0.4088,217226,26637,412,0.1129,286,13,0.7498,0.0773,326.4342105263158,0.03260869565217391,8.382279046580392,0.768233533907632,0.325340123760799,2.135776448181465,6695.684380913004,0.8756942218478377,-0.016593384104923843,-0.7831721968200472,1.9373490744012913,1.3246693016345197,1.4520049910445487,
PostHog/posthog,full_rewrite,2023-Q1,965,3,984,66,0,66,0.0671,0.3597,1.8427,247,172,75,30,,0,956,3,134049,74590,0.3575,59459,5972,65,0.068,0,0,0.3597,0.0671,218.24163179916317,2.5,0.3597,-1.9314190963308746,0.0671,-1.8235846440586927,218.24163179916317,-1.6888054283083667,2.5,-0.9042762156432612,-3.264172117621058,0.14645819226757723,-1.8775018701947837,
PostHog/posthog,full_rewrite,2023-Q2,1031,1,1030,65,0,65,0.0631,0.3169,2.2872,161,129,32,28,0.3,1,1025,1,167420,87300,0.3427,80120,5660,60,0.0585,0,1,0.3169,0.0631,248.50731707317073,1.1428571428571428,0.6442270000000001,-1.6271668644883424,0.12416100000000002,-1.2990808882435445,447.1072020104092,-1.3494347452838145,3.4178571428571427,-0.6540357312741826,-2.5464203914351398,0.07967261616812382,-1.4631238763659433,
PostHog/posthog,full_rewrite,2023-Q3,948,4,943,38,0,38,0.0403,0.608,2.8303,218,148,70,38,0.2857,1,947,1,90330,59669,0.3978,30661,4827,37,0.0391,0,2,0.608,0.0403,158.39387539598732,1.8421052631578947,1.1942465700000002,-1.0390164192597,0.15328651000000004,-1.0313596883866953,565.2614292254598,-1.174231106068013,4.952355263157894,-0.23567699661075747,-1.8743195210534522,-0.23485949873465556,-1.0351880538231977,
PostHog/posthog,full_rewrite,2023-Q4,1499,4,1369,39,0,39,0.0285,0.3733,1.83,291,224,67,53,0.3158,0,1479,3,268036,136274,0.3371,131762,10920,63,0.0426,0,3,0.3733,0.0285,273.36713995943205,1.2641509433962264,1.4600643787000003,-0.7547704195462589,0.16799072410000004,-0.8961987987815351,787.7550405546004,-0.8443090091109436,5.7707942328699104,-0.012541440275994464,-1.4013628068267172,-0.3450142026706422,-0.825484609163897,
PostHog/posthog,full_rewrite,2024-Q1,1251,22,1215,54,0,54,0.0444,0.3964,2.0106,280,369,-89,40,0.434,0,1249,22,212082,127015,0.3746,85067,7022,62,0.0496,0,4,0.3964,0.0444,271.4947958366693,-2.225,1.7250585846170003,-0.47140512002956336,0.19727155893100004,-0.6270498556809497,988.3518827413557,-0.5468562848647771,3.026422751911619,-0.7607546606317642,-1.1100516320394072,0.48582751456842665,-0.5492274878552565,
PostHog/posthog,full_rewrite,2024-Q2,1446,11,1459,76,0,76,0.0521,0.4325,2.0203,373,484,-111,53,0.225,0,1386,10,278591,178211,0.3901,100380,8658,71,0.0512,0,5,0.4325,0.0521,329.58297258297256,-2.0943396226415096,2.0023033120014704,-0.1749400145270999,0.23161711862721004,-0.3113460464901624,1228.9831858776063,-0.19003891986286287,0.6597050815980636,-1.4060060276806126,-0.7259907935018366,1.2411410260652913,-0.24314303050863115,
PostHog/posthog,full_rewrite,2024-Q3,1371,3,1387,74,0,74,0.0534,0.4639,1.8973,333,268,65,57,0.3396,0,1370,2,207221,102491,0.3309,104730,7781,71,0.0518,0,6,0.4639,0.0534,226.06715328467152,1.1403508771929824,2.2859960139213378,0.1284200803551358,0.2641715779507612,-0.012106001910957126,1344.4418524332934,-0.018832361821210467,1.7406825014472203,-1.1112931573388805,-0.22198414204622036,1.0514686978893981,0.05815703922208934,
PostHog/posthog,full_rewrite,2024-Q4,1309,2,1318,56,0,56,0.0425,0.5439,1.8468,343,242,101,58,0.386,0,1308,1,211000,98755,0.3188,112245,6839,56,0.0428,1,7,0.5439,0.0425,236.81574923547402,1.7413793103448276,2.624156372668417,0.4900238784813954,0.2828961359351927,0.1600098213100317,1460.257834949771,0.1529040380903094,3.325400386661798,-0.6792427295892983,0.27501370038557993,0.7085935162112514,0.32501684989571356,
PostHog/posthog,full_rewrite,2025-Q1,2562,1,2584,135,0,135,0.0522,0.3144,1.6108,418,285,133,76,0.2586,0,2558,0,423379,193447,0.3136,229932,14416,133,0.052,0,8,0.3144,0.0522,241.1360437842064,1.75,2.7023822991282596,0.5736729265975912,0.3096354837010254,0.4057974578959071,1569.970673588498,0.3155904611771038,4.776114351862236,-0.28372653389603586,0.6501916892750782,0.4134801545758225,0.4897351922467491,
PostHog/posthog,full_rewrite,2025-Q2,2667,4,2695,133,1,133,0.0494,0.2073,1.456,615,337,278,88,0.2368,0,2662,4,435356,209535,0.3249,225821,14253,128,0.0481,6,9,0.2073,0.0494,242.2580766341097,3.159090909090909,2.6664678922067164,0.5352687032332695,0.33116829016793314,0.6037266541093247,1670.931389599643,0.4652988997147344,7.505354969285544,0.46036147520068066,1.0107583640611177,-0.22428591023433908,0.5694976786712971,
PostHog/posthog,full_rewrite,2025-Q3,3204,4,3239,178,0,178,0.055,0.4055,1.8794,636,375,261,106,0.2273,0,3202,4,741296,346514,0.3185,394782,24038,175,0.0547,26,10,0.4055,0.055,339.7282948157402,2.4622641509433962,2.831985781908112,0.7122613519151719,0.35636314405281916,0.8353173288229923,1860.2758593514152,0.746066172691922,9.292137172993241,0.9475018189866804,1.5179144887606388,-0.580736869885799,0.7737893403690821,
PostHog/posthog,full_rewrite,2025-Q4,3788,1,3847,257,1,256,0.0668,0.4516,2.4737,654,386,268,122,0.2358,0,3786,1,909218,358419,0.2827,550799,24122,256,0.0676,174,11,0.4516,0.0668,334.82223983095616,2.19672131147541,3.028707061536382,0.922620609130902,0.39109046108806544,1.1545302450770019,2027.6732718407438,0.9942895037967708,10.65256613889926,1.3184031144958368,2.0458474961279274,-0.819662158756278,1.038575427103952,
PostHog/posthog,full_rewrite,2026-Q1,5935,416,6413,368,2,366,0.0574,0.5652,2.0913,660,341,319,154,0.2295,0,5928,402,1869352,660733,0.2612,1208619,38115,354,0.0597,821,12,0.5652,0.0574,426.8024628879892,2.0714285714285716,3.3213234259981075,1.2355230119296796,0.41329231959013957,1.3586093563862034,2271.985140263066,1.3565645527740322,11.765263757826899,1.6217640386697527,2.611699101377293,-0.9866592010990829,1.2970661841579414,
PostHog/posthog,full_rewrite,2026-Q2,8917,731,9824,498,5,493,0.0507,0.4536,1.7885,612,362,250,186,0.2143,0,8906,724,3371363,1003674,0.2294,2367689,73585,467,0.0524,1389,13,0.4536,0.0507,491.24601392319784,1.3440860215053763,3.476004317658278,1.4009273725386897,0.42679601082702706,1.482735059951083,2558.752491562588,1.7817942270751184,12.050476041127855,1.6995230455878374,3.0328765645362004,-0.9354238763650932,1.4418312162448863,
airbytehq/airbyte,migration,2023-Q1,1401,1,1409,39,0,39,0.0277,1.7845,6.9987,1370,1341,29,162,,0,1395,1,304712,418405,0.5786,-113693,22179,32,0.0229,0,0,1.7845,0.0277,518.3634408602151,0.17901234567901234,1.7845,-2.2265671974431425,0.0277,-2.4048760608363993,518.3634408602151,-1.7413058663993923,0.17901234567901234,1.1687553515913995,-3.2742020942036305,-1.940197505395791,-2.315721629139771,
airbytehq/airbyte,migration,2023-Q2,1126,0,1098,66,9,58,0.0601,0.786,4.2741,1241,1265,-24,146,0.6111,0,1122,0,253490,197516,0.4379,55974,9648,53,0.0472,0,1,0.786,0.0601,401.96613190730835,-0.1643835616438356,2.409895,-1.561078963121839,0.085307,-1.7966349880304044,873.676863090104,-1.2925441907399418,-0.0014823270759343754,1.1274622478276488,-2.323633758995254,-1.6907573143798411,-1.6788569755761218,
airbytehq/airbyte,migration,2023-Q3,1133,0,1115,94,12,83,0.0843,0.9294,4.4526,1139,1051,88,117,0.5685,0,1122,0,288637,218611,0.431,70026,13627,79,0.0704,0,2,0.9294,0.0843,452.09269162210336,0.7521367521367521,3.1224044500000003,-0.8028914882975389,0.16192937000000002,-0.9876209354024619,1247.138637034098,-0.8208611048096188,0.7507878344976519,1.2995646670630676,-1.1431090571277576,-1.605316981345775,-0.8952562118500004,
airbytehq/airbyte,migration,2023-Q4,1080,0,1036,77,31,68,0.0743,1.0241,5.0976,797,1048,-251,108,0.5128,0,1080,0,153781,113974,0.4257,39807,9912,68,0.063,0,3,1.0241,0.0743,247.9212962962963,-2.324074074074074,3.8654880495000006,-0.012169796271900938,0.22165572670000003,-0.3570027245252851,1382.8174559973256,-0.6494984420446899,-1.6408571446812108,0.7524103229270059,-0.3948513059359571,-0.939722314023742,-0.18458626039859302,
airbytehq/airbyte,migration,2024-Q1,1167,6,1117,104,58,98,0.0931,0.9493,4.6172,459,795,-336,99,0.5185,0,1164,2,272606,277930,0.5048,-5324,12775,95,0.0816,0,4,0.9493,0.0931,472.96907216494844,-3.393939393939394,4.466894125045,0.6277916158349214,0.29480671129700003,0.4153588521597374,1731.332957122515,-0.20932255649359022,-4.887119395599296,0.009738852763999195,0.4580268957264276,0.004689955822285902,0.5215752339973294,
airbytehq/airbyte,migration,2024-Q2,2196,3,2082,113,29,110,0.0543,0.9973,5.2484,349,562,-213,118,0.4141,0,2194,0,405020,271181,0.401,133839,16448,108,0.0492,0,5,0.9973,0.0543,308.2046490428441,-1.805084745762712,5.06217365379095,1.2612337164477496,0.32257410728027003,0.7085397281278144,1883.7176400243327,-0.016860348861003596,-6.2523633957580715,-0.3025981337017093,0.9990252841412139,0.39497574469133795,0.984886722287782,
airbytehq/airbyte,migration,2024-Q3,4270,1,4152,219,3,217,0.0527,0.4122,0.4923,495,433,62,119,0.5508,0,4264,1,961226,292922,0.2336,668304,18862,217,0.0509,0,6,0.4122,0.0527,294.124765478424,0.5210084033613446,5.018778024949765,1.2150560520679854,0.3462424376250457,0.9584407929364841,2008.3078179005668,0.14049733451486685,-5.168642286778501,-0.05466722515452696,1.2672801655392125,0.2411038851660524,1.0867484225022348,
airbytehq/airbyte,migration,2024-Q4,3486,16,3480,97,30,68,0.0279,0.2199,0.9756,437,560,-123,95,0.6218,0,3484,9,642943,307045,0.3232,335898,14358,68,0.0195,0,7,0.2199,0.0279,272.67164179104475,-1.2947368421052632,4.786988002704287,0.9684062825024482,0.34298061823879156,0.9240010109170314,2100.2317560805604,0.2565974814555011,-5.998201323073699,-0.24445159297574165,1.1342485518875147,0.4471004808144675,0.9462036467097398,
airbytehq/airbyte,migration,2025-Q1,5294,57,5398,98,36,64,0.0182,0.2235,0.3331,299,311,-12,126,0.4737,0,5289,57,371236,310921,0.4558,60315,16147,60,0.0113,2,8,0.2235,0.0182,128.97655511438836,-0.09523809523809523,4.579659082460901,0.7477857833674804,0.33031236259730035,0.7902437695755068,2040.1874531476983,0.1807613877080462,-5.5536012992351615,-0.14273715100627596,0.9210291892493491,0.3102742121278569,0.7690147764714936,
airbytehq/airbyte,migration,2025-Q2,4602,54,4740,70,1,69,0.0148,0.2745,2.8373,197,175,22,94,0.5794,0,4599,54,336330,158831,0.3208,177499,13689,61,0.0133,15,9,0.2745,0.0148,107.66710154381387,0.23404255319148937,4.44198976503942,0.6012906707250057,0.3153842499635433,0.6326259237698736,1964.2376839082194,0.08483665315691202,-4.819734629112507,0.02515496511880994,0.7389672179023431,0.10060571885861999,0.6169582972474397,
airbytehq/airbyte,migration,2025-Q3,3219,534,3848,68,0,68,0.0177,0.0649,0.3083,205,197,8,86,0.5,0,3219,533,204490,294162,0.5899,-89672,9916,66,0.0205,17,10,0.0649,0.0177,154.9089779434607,0.09302325581395349,4.107110686185872,0.24494294345281462,0.3046996674668244,0.5198132114208804,1942.3652702999404,0.057211744083769306,-4.292935256678428,0.14567476116915054,0.4966903298669788,-0.03736544753691267,0.38237807743684754,
airbytehq/airbyte,migration,2025-Q4,411,2662,3135,25,0,25,0.008,0.1001,0.4132,156,245,-89,50,0.593,0,411,2662,128393,43628,0.2536,84765,3348,19,0.0462,88,11,0.1001,0.008,418.5425790754258,-1.78,3.8375707244291437,-0.041876863594758326,0.28527669739481026,0.3147366034794737,2186.0949750483715,0.36504292598638294,-5.68657108357737,-0.1731576338852415,0.3221926075942071,0.3101831727167824,0.13642986994235767,
airbytehq/airbyte,migration,2026-Q1,367,3000,3437,48,2,47,0.014,0.0632,0.8577,155,297,-142,49,0.5,0,367,2912,85113,180867,0.68,-95754,5816,22,0.0599,224,12,0.0632,0.014,724.741144414169,-2.8979591836734695,3.5553893592305212,-0.3421484974971819,0.27360179462927736,0.1914676364613438,2714.087571708187,1.0318987991077215,-8.072738869728877,-0.7190589199860681,0.33570190650245785,0.9774502903691809,-0.07534043051791905,
airbytehq/airbyte,migration,2026-Q2,437,3126,3633,55,7,52,0.0151,0.0027,0.013,146,555,-409,40,0.4898,0,436,3126,576199,76301,0.1169,499898,3911,14,0.0321,320,13,0.0027,0.0151,1496.559633027523,-10.225,3.2381043168997743,-0.6797742581720335,0.2640776331126424,0.09090717994641268,3966.3793232819735,2.6135461833350413,-17.57119237145328,-2.8920905117515185,0.46263406785290706,3.4269761021154808,-0.29443353911281045,
appwrite/appwrite,full_rewrite,2023-Q1,758,0,96,4,0,4,0.0417,6.2013,33.8829,173,244,-71,23,,0,564,0,19190,12130,0.3873,7060,1698,14,0.0248,0,0,6.2013,0.0417,55.53191489361702,-3.0869565217391304,6.2013,0.25967201693706365,0.0417,-1.8396101790234605,55.53191489361702,-1.3926933886532478,-3.0869565217391304,-0.9138135980398129,-1.9271227962398185,0.2065838900413952,-0.7899690810431984,
appwrite/appwrite,full_rewrite,2023-Q2,805,0,135,7,0,7,0.0519,0.4537,5.1019,218,128,90,24,0.5217,1,607,0,649711,22335,0.0332,627376,34608,25,0.0412,0,1,0.4537,0.0519,1107.159802306425,3.75,6.096883,0.08157143514783932,0.08984700000000001,-1.503145138380845,1157.6938448596165,-0.9173375149023164,0.9408695652173913,0.5303400076822462,-1.2050163813588122,-0.9926625859604317,-0.7107868516165028,
appwrite/appwrite,full_rewrite,2023-Q3,1425,0,219,15,0,15,0.0685,0.8842,5.9865,275,419,-144,29,0.3333,1,957,0,171080,50280,0.2271,120800,10095,43,0.0449,0,2,0.8842,0.0685,231.30616509926855,-4.9655172413793105,6.43236353,0.6537893457558577,0.15026077000000002,-1.080956391866553,1284.8075639215197,-0.8625141252101454,-4.1093259370314845,-1.2803782027668351,-1.0706118480226756,0.8146285095127548,-0.21358352305534767,
appwrite/appwrite,full_rewrite,2023-Q4,1201,0,188,11,0,11,0.0585,0.2117,1.8944,350,240,110,29,0.2759,1,811,0,94356,116407,0.5523,-22051,2524,33,0.0407,0,3,0.2117,0.0585,259.8803945745993,3.793103448275862,6.065150812300001,0.02744690474747562,0.1952373007,-0.7666474997250002,1429.0552777431822,-0.8003009456618497,0.05361684557721125,0.21222070794275363,-0.8259070644834111,-0.5330680110834993,-0.36960029748876233,
appwrite/appwrite,full_rewrite,2024-Q1,1635,0,267,19,0,19,0.0712,0.6264,4.438,152,193,-41,25,0.4138,0,1073,0,153019,75974,0.3318,77045,17055,36,0.0336,0,4,0.6264,0.0712,213.41379310344828,-1.64,6.145687239193001,0.16481519233348887,0.248865943637,-0.39187516654939203,1513.8540958497442,-0.7637277206409723,-1.5912086705247377,-0.3775219096828116,-0.662587819528828,0.10149718529539842,-0.11352998710795158,
appwrite/appwrite,full_rewrite,2024-Q2,1122,0,194,15,0,15,0.0773,0.902,6.4262,146,158,-12,27,0.36,0,717,0,73669,17341,0.1905,56328,1949,35,0.0488,0,5,0.902,0.0773,126.93165969316597,-0.4444444444444444,6.494575387665631,0.7599020289821273,0.30376800870966997,-0.008203794375852188,1504.5388869164333,-0.7677453147542104,-1.8924443346219557,-0.4855282041667899,-0.15227697742823973,0.2641908107176385,0.3758491173031376,
appwrite/appwrite,full_rewrite,2024-Q3,1255,0,190,8,0,8,0.0421,0.909,5.7372,140,86,54,20,0.3704,0,817,0,493662,105926,0.1767,387736,22761,43,0.0526,0,6,0.909,0.0421,733.8898408812729,2.7,6.819063602775724,1.3133707160240329,0.3185288879257997,0.0949494618057547,2103.0202279752275,-0.5096238780870879,0.9778756554940204,0.5436083260139972,0.6048778661524534,-0.6400456776572823,0.7041600889148938,
appwrite/appwrite,full_rewrite,2024-Q4,1151,0,170,9,0,9,0.0529,0.4567,3.99,154,170,-16,20,0.25,1,779,0,1314866,56321,0.0411,1258545,56304,32,0.0411,0,7,0.4567,0.0529,1760.188703465982,-0.8,6.662047878525909,1.045554250899115,0.34276128801247774,0.26429242149238613,3673.937110923439,0.16790321405895714,0.08986684649955856,0.22521793483618005,0.8647579405314554,-0.13691808392582416,0.6549233361957505,
appwrite/appwrite,full_rewrite,2025-Q1,1802,0,223,7,0,7,0.0314,0.5473,4.1641,131,108,23,18,0.2,1,1261,0,365966,206855,0.3611,159111,5040,40,0.0317,0,8,0.5473,0.0314,454.25931800158605,1.2777777777777777,6.609763569458577,0.9563746550158828,0.34331277209135475,0.26814635035634665,3797.5420889419156,0.22121330464405856,1.359556608092376,0.6804578105821961,0.9613402618983238,-0.5562040631408185,0.6122605026861148,
appwrite/appwrite,full_rewrite,2025-Q2,1792,0,275,15,0,15,0.0545,0.1418,2.6117,111,83,28,20,0.1667,1,1196,0,952529,180140,0.159,772389,29338,41,0.0343,0,9,0.1418,0.0545,947.0476588628762,1.4,6.1566848482073055,0.18357344591037814,0.36691462260313285,0.4330828488232574,4402.810959800019,0.4822621624737508,2.637196513364062,1.1385481640827078,0.9006647213270476,-0.8928118167606197,0.3083281473668178,
appwrite/appwrite,full_rewrite,2025-Q3,1615,0,244,13,0,13,0.0533,0.1518,1.2146,126,119,7,28,0.15,1,1078,3,408471,450817,0.5246,-42346,18816,55,0.051,2,10,0.1518,0.0533,797.113172541744,0.25,5.754383211868648,-0.5026189891018523,0.3871923065688509,0.5747891183657717,4803.671145959762,0.6551507724530519,2.6498488271612963,1.1430845775714067,0.7115405070566967,-0.8236982421706501,0.03608506463195971,
appwrite/appwrite,full_rewrite,2025-Q4,1667,0,254,20,0,20,0.0787,0.1931,2.9034,103,66,37,25,0.2857,1,1026,19,338252,216687,0.3905,121565,8861,88,0.0858,3,11,0.1931,0.0787,540.8762183235867,1.48,5.42958872280047,-1.0566100773822709,0.4310449989776543,0.8812443063030503,4912.21696114697,0.7019659358310086,3.8913624327167797,1.5882220565261427,0.7241594705625156,-1.1786887714884695,-0.08768288553961029,
appwrite/appwrite,full_rewrite,2026-Q1,2238,0,315,25,0,25,0.0794,0.1559,1.2514,96,276,-180,19,0.36,1,1478,19,817553,4097268,0.8337,-3279715,113859,122,0.0825,300,12,0.1559,0.0794,3325.3186738836266,-9.473684210526315,5.096825737748428,-1.624192762535913,0.4716509490696654,1.1650103280290256,7795.4361085273695,1.945481175974265,-5.932544396754045,-1.9340825722662862,0.4216971361196251,2.5414496079739157,-0.22959121725344367,
appwrite/appwrite,full_rewrite,2026-Q2,2903,0,423,63,0,63,0.1489,0.0844,1.2167,79,34,45,24,0.1579,1,1952,22,465037,426914,0.4786,38123,7236,287,0.147,250,13,0.0844,0.1489,456.9421106557377,1.875,4.722511421351069,-2.262648162733252,0.5781023636533955,1.9089233347455115,7550.788969415644,1.839966322474737,-3.5236154010461807,-1.0703750983150946,0.6544849834136531,1.825747248646493,-0.17686241399387037,
astral-sh/ruff,full_rewrite,2023-Q1,1585,0,1297,62,4,58,0.0478,0.0187,0.2359,924,770,154,122,,0,1573,0,212483,125319,0.371,87164,14297,128,0.0814,0,0,0.0187,0.0478,214.75015893197713,1.2622950819672132,0.0187,-1.308708594044301,0.0478,-2.220587229699642,214.75015893197713,-1.935191246220473,1.2622950819672132,-2.0258896991516,-3.57157430570669,1.0806128853118444,-1.7646479118719716,
astral-sh/ruff,full_rewrite,2023-Q2,931,1,932,40,6,35,0.0429,0.1002,0.8766,549,479,70,81,0.8197,0,929,0,136052,78444,0.3657,57608,8253,35,0.0377,0,1,0.1002,0.0429,230.88912809472552,0.8641975308641975,0.117217,-1.13480540821501,0.086398,-1.5538322387902466,426.3117727228247,-1.5673548717471273,2.0128860554543615,-1.7804554544830846,-2.8278836187416454,1.051133796612077,-1.3443188235026282,
astral-sh/ruff,full_rewrite,2023-Q3,1218,38,1281,46,6,40,0.0359,0.0968,0.8869,856,657,199,72,0.7901,0,1213,37,323137,174094,0.3501,149043,10500,39,0.0322,0,2,0.0968,0.0359,409.9183841714757,2.763888888888889,0.20346746999999998,-0.9825552228432095,0.11452218,-1.0680055798899357,797.8620973492461,-0.9213505144534129,4.595615199352358,-0.9359340053761301,-1.8931152787854237,0.48858923409346067,-1.0252804013665726,
astral-sh/ruff,full_rewrite,2023-Q4,722,78,802,21,5,16,0.0262,0.0893,0.7729,675,565,110,103,0.6806,0,720,78,98165,51627,0.3447,46538,4053,16,0.0222,0,3,0.0893,0.0262,208.04444444444445,1.0679611650485437,0.2744553977,-0.8572466285655785,0.1304151838,-0.7934644222083981,934.0989530322585,-0.6844792306408878,5.24997099645919,-0.7219675090016178,-1.4815390440607645,0.38952192925393203,-0.8253555253869883,
astral-sh/ruff,full_rewrite,2024-Q1,540,76,657,25,6,21,0.0381,0.0934,0.8032,540,421,119,92,0.767,0,537,69,78196,41709,0.3479,36487,3189,20,0.0372,0,4,0.0934,0.0381,223.28677839851025,1.2934782608695652,0.343154411907,-0.7359784470950809,0.156777817258,-0.33806731791189276,1073.3168256578656,-0.44242493444365044,6.070951867647429,-0.45351661214196465,-0.9526685965711552,0.2709802459647902,-0.5370228825034868,
astral-sh/ruff,full_rewrite,2024-Q2,587,124,819,30,13,21,0.0366,0.1351,1.0005,512,380,132,86,0.7935,0,587,45,79936,112795,0.5852,-32859,3241,21,0.0358,0,5,0.1351,0.0366,328.33219761499146,1.5348837209302326,0.44737051483537005,-0.5520151482333936,0.17926781370477998,0.05043253639209002,1305.0505089636492,-0.039515936052178006,7.059449920489393,-0.13028960632223666,-0.3230742596426965,0.12803694862081844,-0.2507913059206518,
astral-sh/ruff,full_rewrite,2024-Q3,622,150,778,23,9,16,0.0296,0.1209,0.8027,550,387,163,86,0.7907,0,622,52,74260,34353,0.3163,39907,3333,16,0.0257,0,6,0.1209,0.0296,174.61897106109325,1.8953488372093024,0.5280071685001867,-0.40967452715353136,0.1927337104713498,0.2830470209814758,1362.2149342180142,0.05987428203911456,8.31944826485465,0.2817147380627571,0.04420329197658754,-0.20128862495015096,-0.06331375308602777,
astral-sh/ruff,full_rewrite,2024-Q4,712,155,869,28,13,19,0.0322,0.1653,0.9967,612,480,132,85,0.7442,0,710,63,87362,35629,0.2897,51733,4620,19,0.0268,0,7,0.1653,0.0322,173.22676056338028,1.5529411764705883,0.6457865233351698,-0.2017692414594677,0.20758767652892832,0.5396394870079341,1412.8423507017733,0.1478987823000579,9.12363909748832,0.5446754937188054,0.4173006735278793,-0.3878117705914015,0.16893512277423317,
astral-sh/ruff,full_rewrite,2025-Q1,910,147,1022,48,15,35,0.047,0.2269,1.0872,600,508,92,72,0.6706,0,896,59,137368,62489,0.3127,74879,5005,35,0.0391,0,8,0.2269,0.047,223.0546875,1.2777777777777777,0.8145657362350046,0.09616149968207564,0.23590478564132478,1.0287988690696022,1508.7412266386136,0.3146355272539412,9.580289356492148,0.6939946506966578,0.9883292415157595,-0.40723926916259934,0.5624801843758389,
astral-sh/ruff,full_rewrite,2025-Q2,1097,157,1205,19,5,15,0.0158,0.3459,1.9313,504,357,147,99,0.5972,0,1095,84,166767,81558,0.3284,85209,9575,24,0.0219,0,9,0.3459,0.0158,226.78082191780823,1.4848484848484849,1.087154819973854,0.577338454770774,0.23047335493360557,0.9349744861443124,1599.7353381589467,0.47284449286124836,10.20291179925634,0.89758472085637,1.3341666836343573,-0.5825490309132633,0.7561564704575432,
astral-sh/ruff,full_rewrite,2025-Q3,918,145,1012,15,6,11,0.0148,0.3253,2.4357,368,243,125,92,0.6364,0,917,78,136770,56063,0.2907,80707,4315,14,0.0153,1,10,0.3253,0.0148,210.2868047982552,1.358695652173913,1.3146108861762071,0.9788461595200791,0.22453075298958108,0.8323199572784074,1666.0459625228966,0.5881369564516091,10.643345389497181,1.0416012216746473,1.5929623795968098,-0.7125190366356352,0.9055830583992432,
astral-sh/ruff,full_rewrite,2025-Q4,967,139,1077,18,3,15,0.0167,0.2736,1.6712,341,235,106,86,0.6087,0,966,74,355126,69700,0.1641,285426,5361,18,0.0186,5,11,0.2736,0.0167,439.7784679089027,1.2325581395348837,1.4698959064203485,1.252956817904136,0.22102298522051878,0.7717255827778268,1955.8802938047386,1.092063957698711,10.91800244397732,1.1314107838600715,2.015156410839929,-0.6860349783114041,1.0123412003409813,
astral-sh/ruff,full_rewrite,2026-Q1,1099,215,1290,26,13,13,0.0202,0.3295,2.5239,283,280,3,124,0.5349,0,1098,120,172810,78849,0.3133,93961,4384,19,0.0173,45,12,0.3295,0.0202,229.1976320582878,0.024193548387096774,1.667105274842517,1.601072751641435,0.22133091655067208,0.777044893395918,2009.0486994206,1.184506406060829,9.959575772406458,0.8180167589968329,2.1811670540409915,-0.36655950973290014,1.1890588225186765,
astral-sh/ruff,full_rewrite,2026-Q2,1027,182,1228,23,0,23,0.0187,0.1927,1.7908,220,183,37,106,0.75,0,1024,110,312684,193951,0.3828,118733,5194,23,0.0225,21,13,0.1927,0.0187,494.7607421875,0.3490566037735849,1.7097658001066907,1.6763775340910705,0.2201111340611116,0.7559739554525443,2322.9950586602463,1.7303563288922166,9.412270556663461,0.6390545186104966,2.476569368376059,-0.06487281955957408,1.2161757447718073,
dagger/dagger,full_rewrite,2023-Q1,466,99,311,3,0,3,0.0096,0.8961,5.0584,184,244,-60,29,,0,449,72,65181,25669,0.2825,39512,2125,9,0.02,0,0,0.8961,0.0096,202.33853006681514,-2.0689655172413794,0.8961,-1.9379520256429803,0.0096,-1.8942645136867493,202.33853006681514,-1.353268761024275,-2.0689655172413794,-0.2757181339854189,-2.962168659950313,-0.3816231754646382,-1.9161082696648648,2023-Q4
dagger/dagger,full_rewrite,2023-Q2,294,73,316,4,0,4,0.0127,0.7562,5.0176,102,87,15,31,0.3448,0,291,44,59044,24829,0.296,34215,1923,8,0.0275,0,1,0.7562,0.0127,288.2233676975945,0.4838709677419355,1.5716510000000001,-1.5772613307785432,0.021435999999999997,-1.7576348709435152,472.35143005839626,-1.2229656104417561,-1.3988876529477199,-0.18982566205751125,-2.5946888638061054,-0.4108913223381647,-1.6674481008610291,2023-Q4
dagger/dagger,full_rewrite,2023-Q3,249,50,262,14,6,10,0.0534,1.0577,4.5022,98,89,9,31,0.4194,0,243,50,70373,22161,0.2395,48212,1876,10,0.0412,0,2,1.0577,0.0534,380.798353909465,0.2903225806451613,2.4879024100000002,-1.0880556930940153,0.07290676,-1.1634787750899553,810.6381552626056,-1.0597147950335821,-0.982665183537264,-0.13647309114802889,-1.8864061665315957,-0.3233356486654404,-1.1257672340919853,2023-Q4
dagger/dagger,full_rewrite,2023-Q4,263,27,290,15,3,12,0.0517,0.8231,4.1232,137,126,11,28,0.4194,0,261,27,143745,65190,0.312,78555,2947,11,0.0421,0,3,0.8231,0.0517,800.5172413793103,0.39285714285714285,3.0870911931000005,-0.7681363701541993,0.11804515160000001,-0.6424207894265394,1538.1979626682814,-0.7086081066304489,-0.5013681741617675,-0.07477908203410645,-1.2019021831156576,-0.20820614486603195,-0.7052785797903693,2023-Q4
dagger/dagger,full_rewrite,2024-Q1,443,35,377,14,1,13,0.0371,0.7793,3.0845,185,117,68,39,0.2857,0,442,33,273184,113170,0.2929,160014,4519,21,0.0475,0,4,0.7793,0.0371,874.10407239819,1.7435897435897436,3.588552985721001,-0.5003955150175259,0.14452108795600002,-0.3367940806049036,2273.8642184263263,-0.3535893986149896,1.287344705102535,0.1545031834399922,-0.6248410239798584,-0.28849387443731034,-0.4185947978112148,2023-Q4
dagger/dagger,full_rewrite,2024-Q2,439,26,427,15,3,12,0.0351,0.7869,4.0846,231,198,33,46,0.5128,0,438,25,110140,203082,0.6484,-92942,3879,20,0.0457,0,5,0.7869,0.0351,715.1187214611872,0.717391304347826,4.0524832170061105,-0.25269353916249004,0.16661419003996,-0.08176090682818435,2784.335160229144,-0.10724571651755326,1.8888749859911331,0.23160903265271507,-0.18676781012755708,-0.25920184495386794,-0.1672272229953372,2023-Q4
dagger/dagger,full_rewrite,2024-Q3,471,6,454,20,7,14,0.0441,0.8899,5.6008,239,156,83,34,0.587,0,471,6,74026,35845,0.3262,38181,3713,14,0.0297,0,6,0.8899,0.0441,233.27176220806794,2.4411764705882355,4.57765972747556,0.02770909585352843,0.19571891293636362,0.2542113719379906,2767.0167580165894,-0.11560325192205248,4.160052707840167,0.5227350033976842,0.22265751915479473,-0.4834616168046559,0.1409602338957595,2023-Q4
dagger/dagger,full_rewrite,2024-Q4,354,34,325,9,1,8,0.0277,1.1427,7.0225,191,132,59,29,0.4412,0,352,33,86559,35317,0.2898,51242,3184,11,0.0312,1,7,1.1427,0.0277,346.2386363636364,2.0344827586206895,5.308370352002759,0.41785065867490284,0.2058042107720909,0.3706316693572648,2864.223886158733,-0.06869291891057451,5.820130722755241,0.7355284888899026,0.5782074188158961,-0.6581305884773314,0.39424116401608383,2023-Q4
dagger/dagger,full_rewrite,2025-Q1,455,34,474,6,0,6,0.0127,1.0246,5.4871,148,112,36,43,0.3103,0,454,34,184271,150574,0.4497,33697,4444,6,0.0132,0,8,1.0246,0.0127,737.5440528634361,0.8372093023255814,5.855217020322511,0.7098234405678373,0.19998183180260273,0.3034206556265376,3343.9877892678833,0.16283212345902306,6.1335282600328505,0.7757006697770712,0.838873911258423,-0.6531923953268165,0.5066220480971875,2023-Q4
dagger/dagger,full_rewrite,2025-Q2,365,36,395,17,0,17,0.043,0.7046,4.9381,160,107,53,47,0.4186,0,364,36,92591,58911,0.3888,33680,3901,17,0.0467,0,9,0.7046,0.043,416.2142857142857,1.127659574468085,6.032847488493486,0.8046640329045878,0.22498346694036847,0.5920286715837543,3459.24317394806,0.21845220585469927,6.709170291097979,0.8494880900583012,1.1043240980528208,-0.6608902334342288,0.6983463522441711,2023-Q4
dagger/dagger,full_rewrite,2025-Q3,285,25,293,14,4,10,0.0478,1.0436,6.4704,101,79,22,30,0.5745,0,284,25,244132,61365,0.2009,182767,6743,12,0.0423,1,10,1.0436,0.0478,1075.693661971831,0.7333333333333333,6.533491214529073,1.071968105318509,0.2525349549157353,0.9100710811071469,4223.604950264566,0.5873188327528841,6.8386782982324945,0.8660887919468293,1.6437715020219203,-0.5328557693284199,0.991019593212828,2023-Q4
dagger/dagger,full_rewrite,2025-Q4,249,43,283,12,0,12,0.0424,0.5366,4.4259,95,51,44,29,0.4667,0,247,43,77244,32421,0.2956,44823,3695,12,0.0486,0,11,0.5366,0.0424,443.98785425101215,1.5172413793103448,6.4820770052214565,1.0445169922551432,0.2722068089733191,1.1371544193958183,4287.468358991767,0.6181381134774455,7.740438630701915,0.9816789765651144,1.8044555024356632,-0.596052379397316,1.0908357058254807,2023-Q4
dagger/dagger,full_rewrite,2026-Q1,228,45,265,8,0,8,0.0302,0.6341,3.9717,83,857,-774,30,0.4828,0,227,35,68872,23656,0.2557,45216,2712,9,0.0396,4,12,0.6341,0.0302,407.61233480176213,-25.8,6.532790074751525,1.0715937522444097,0.2779081961657204,1.2029687566075986,4309.2085414842695,0.628629516936689,-18.756200846061258,-2.4147350578557867,1.0266184801550884,2.6553816547298448,1.137281254426004,2023-Q4
dagger/dagger,full_rewrite,2026-Q2,598,32,361,6,0,6,0.0166,0.4096,3.0056,91,56,35,26,0.4667,1,584,32,2329738,493378,0.1748,1836360,29427,17,0.0291,11,13,0.4096,0.0166,4834.102739726028,1.3461538461538463,6.354438968023889,0.9763683960308409,0.26949645851080556,1.105867310963731,8755.482512476712,2.7743177666144927,-15.721988923761899,-2.025801209646758,2.2378662756164815,2.800953338764377,1.041117853497286,2023-Q4
inngest/inngest,full_rewrite,2023-Q1,311,1,41,0,0,0,0.0,1.0023,2.7496,29,13,16,6,,1,298,0,25776,29241,0.5315,-3465,1448,2,0.0067,0,0,1.0023,0.0,184.6208053691275,2.6666666666666665,1.0023,-1.6391667843580473,0.0,-1.8072425942759924,184.6208053691275,-1.453147478732411,2.6666666666666665,0.8671095214743749,-2.5272855396656033,-1.4835288152233082,-1.7232046893170199,2024-Q3
inngest/inngest,full_rewrite,2023-Q2,211,0,40,4,0,4,0.1,0.2054,1.8896,6,1,5,8,0.0,1,204,0,15485,21262,0.5786,-5777,741,7,0.0343,0,1,0.2054,0.1,180.13235294117646,0.625,1.117493,-1.4880119854138203,0.1,-0.744068480042582,348.1372858270825,-1.258551514113673,3.0516666666666667,1.1236784810906848,-1.6657765359998202,-1.498125610197185,-1.116040232728201,2024-Q3
inngest/inngest,full_rewrite,2023-Q3,283,1,135,1,0,1,0.0074,0.2436,1.694,16,54,-38,9,0.0,1,269,0,34115,11916,0.2589,22199,1324,5,0.0186,0,2,0.2436,0.0074,171.1189591078067,-4.222222222222222,1.2605186300000002,-1.3003355610953165,0.09840000000000002,-0.7610792658703165,487.92388921045176,-1.092195750768105,-1.4452055555555554,-1.8730950970470763,-2.217215675700227,1.3952950841191627,-1.0307074134828165,2024-Q3
inngest/inngest,full_rewrite,2023-Q4,420,7,267,12,0,12,0.0449,0.1868,0.9252,14,8,6,10,0.1111,0,411,5,61005,18752,0.2351,42253,2758,25,0.0608,0,3,0.1868,0.0449,194.05596107055962,0.6,1.3338719533000003,-1.2040822572026981,0.134444,-0.37786878813602603,638.0667002520707,-0.9135153812825019,-0.7151370555555555,-1.386568043816843,-1.7253947401974745,1.0409404504077644,-0.7909755226693621,2024-Q3
inngest/inngest,full_rewrite,2024-Q1,411,0,258,3,0,3,0.0116,0.5632,2.0053,5,2,3,10,0.2,0,403,0,35798,74556,0.6756,-38758,3360,11,0.0273,0,4,0.5632,0.0116,273.83126550868485,0.3,1.7770234775030005,-0.6225844271024996,0.13394404000000001,-0.3831842334375474,854.4719627380692,-0.655978094006665,-0.35077472055555553,-1.1437522900134165,-1.2088454891568163,0.8672154359379081,-0.5028843302700234,2024-Q3
inngest/inngest,full_rewrite,2024-Q2,246,1,240,0,0,0,0.0,0.7155,1.8775,12,5,7,10,0.4,1,246,1,49929,15347,0.2351,34582,1588,0,0.0,0,5,0.7155,0.0,265.349593495935,0.7,2.3325913645277305,0.1064247337240436,0.12188907640000002,-0.5113494859130073,1042.919079587578,-0.43171294115939923,0.3807950042944444,-0.6562248012041842,-0.6416254715634182,0.42948103153105144,-0.20246237609448187,2024-Q3
inngest/inngest,full_rewrite,2024-Q3,248,1,263,7,0,7,0.0266,0.219,2.0039,6,2,4,9,0.1,1,247,1,31529,17757,0.3603,13772,1666,7,0.0283,0,6,0.219,0.0266,199.53846153846155,0.4444444444444444,2.341658141720235,0.11832204418218861,0.137519059524,-0.34517555127958893,1148.5948239631575,-0.30595146833429915,0.7909678983523889,-0.38288030070741114,-0.40157407066664197,0.22860749438166533,-0.11342675354870016,2024-Q3
inngest/inngest,full_rewrite,2024-Q4,189,1,191,4,0,4,0.0209,0.607,2.7149,14,5,9,12,0.0,1,189,1,55211,32160,0.3681,23051,1253,4,0.0212,0,7,0.607,0.0209,462.2804232804233,0.75,2.737908908965414,0.6382772936716601,0.14604234416684,-0.2545581952744825,1507.5017130868966,0.12117264846261899,1.4697807875006739,0.06948935317029484,0.28469743764686234,-0.08574707447102387,0.1918595491985888,2024-Q3
inngest/inngest,full_rewrite,2025-Q1,219,6,212,7,0,7,0.033,0.3959,1.7837,14,10,4,10,0.25,0,219,6,45204,21208,0.3193,23996,1985,7,0.032,0,8,0.3959,0.033,303.2511415525114,0.4,2.887397107158527,0.8344338183078334,0.1658985331918244,-0.04345233348759295,1675.0777004615875,0.3205997081619646,1.7375005166256132,0.24790122945690762,0.668180595995265,-0.17176700684919385,0.3954907424101202,2024-Q3
inngest/inngest,full_rewrite,2025-Q2,290,7,293,18,0,18,0.0614,0.1845,1.1374,30,12,18,14,0.1,1,290,7,70114,31131,0.3075,38983,1897,18,0.0621,2,9,0.1845,0.0614,349.12068965517244,1.2857142857142858,2.8120313675142596,0.7355398471185062,0.2123676652045602,0.45059544918076516,1873.441397075217,0.5566662794320906,2.8668397558435936,1.0005074467556918,1.2162803979527863,-0.7447003865284191,0.5930676481496356,2024-Q3
inngest/inngest,full_rewrite,2025-Q3,363,1,365,14,0,14,0.0384,0.3682,2.7367,18,10,8,18,0.2143,1,363,1,86828,31732,0.2676,55096,2101,15,0.0413,5,10,0.3682,0.0384,326.6115702479339,0.4444444444444444,2.9271485444379763,0.8865951519801851,0.2316545753361498,0.6556488851352867,2031.4432415863816,0.7446994443955195,3.053268622262115,1.124746044936076,1.5522038442731136,-0.782541642199819,0.7711220185577359,2024-Q3
inngest/inngest,full_rewrite,2025-Q4,344,1,330,7,0,7,0.0212,0.2164,2.7024,28,10,18,22,0.0556,1,337,1,130264,42874,0.2476,87390,3056,7,0.0208,2,11,0.2164,0.0212,513.7626112759644,0.8181818181818182,2.8801051754385587,0.824865437650616,0.23200566355589633,0.6593815642057547,2362.375961119572,1.1385323571460007,3.596656264440343,1.4868665696686152,1.8345382738323415,-1.028864695943812,0.7421235009281854,2024-Q3
inngest/inngest,full_rewrite,2026-Q1,303,1,309,10,0,10,0.0324,0.1883,1.8063,22,72,-50,21,0.1364,1,303,1,98145,38507,0.2818,59638,1797,11,0.0363,21,12,0.1883,0.0324,450.996699669967,-2.380952380952381,2.8091957096490883,0.7318189327010971,0.24352515383586565,0.7818538029540223,2600.7588242887773,1.422224515129526,0.892004819688331,-0.31554799475936546,1.5722403486726089,0.7816343147429904,0.7568363678275597,2024-Q3
inngest/inngest,full_rewrite,2026-Q2,376,36,414,83,73,31,0.2005,0.7452,3.7555,25,16,9,29,0.0952,0,375,35,154832,54239,0.2594,100593,2950,28,0.0747,39,13,0.7452,0.2005,557.5226666666666,0.3103448275862069,3.3015680957806706,1.3779037558362577,0.42210788999063775,2.6804992262413085,2924.213196769454,1.8071576756693315,1.1220692135025883,-0.16223011900435008,3.2595766245770257,1.0521014202922199,2.029201491038783,2024-Q3
milvus-io/milvus,full_rewrite,2023-Q1,502,0,831,357,350,12,0.4296,0.7248,1.8021,624,545,79,40,,0,501,0,140083,92171,0.3969,47912,3610,8,0.016,0,0,0.7248,0.4296,463.5808383233533,1.975,0.7248,-1.6937573490689233,0.4296,-2.7101699686057343,463.5808383233533,-1.3032500156046503,1.975,-1.8515131238870182,-3.655170704671036,0.9902740838164814,-2.201963658837329,
milvus-io/milvus,full_rewrite,2023-Q2,598,4,953,414,406,13,0.4344,0.8224,2.8246,781,606,175,47,0.225,0,598,4,122430,80274,0.396,42156,4773,9,0.0151,0,1,0.8224,0.4344,338.96989966555185,3.723404255319149,1.4819680000000002,-1.3996850413146693,0.8253360000000001,-1.011199736374293,760.8284625398034,-1.1227184235364855,5.520654255319149,0.540379475761865,-1.8366992420031742,-0.9551772334161778,-1.2054423888444812,
milvus-io/milvus,full_rewrite,2023-Q3,700,0,913,438,434,10,0.4797,0.9163,3.0229,835,895,-60,45,0.234,0,700,0,137826,112306,0.449,25520,4984,9,0.0129,0,2,0.9163,0.4797,357.33142857142855,-1.3333333333333333,2.2648908800000003,-1.095609937618783,1.23075576,0.729344727102406,1049.6853294826496,-0.9472829084285799,3.690462039007093,-0.6942652196605769,-0.8845941444435546,0.5622907860056918,-0.18313260525818842,
milvus-io/milvus,full_rewrite,2023-Q4,643,3,1008,262,257,7,0.2599,0.9514,3.7488,680,716,-36,46,0.1333,0,643,3,123684,135610,0.523,-11926,3439,6,0.0093,0,3,0.9514,0.2599,403.2566096423017,-0.782608695652174,3.0124507008000005,-0.8052692976458671,1.3798877416000002,1.3695968078129985,1358.470259471513,-0.7597442017206886,2.575711759844281,-1.4462739467342924,-0.44149636332846476,1.4333286311045537,0.2821637550835657,
milvus-io/milvus,full_rewrite,2024-Q1,688,0,1010,57,41,16,0.0564,0.9588,3.9366,714,599,115,44,0.2826,0,688,0,147460,70869,0.3246,76591,3503,10,0.0145,0,4,0.9588,0.0564,317.3386627906977,2.6136363636363638,3.7001301377280007,-0.5381852700422666,1.3120978448560001,1.0785618334510525,1553.5465989097745,-0.6412657370855115,4.957534065094659,0.1604995103957578,-0.0006599880268580716,-0.12150444283284739,0.27018828170439296,
milvus-io/milvus,full_rewrite,2024-Q2,733,0,1246,67,46,23,0.0538,0.9013,3.466,737,713,24,51,0.1591,0,730,0,154146,59441,0.2783,94705,4174,14,0.0192,0,5,0.9013,0.0538,292.58493150684933,0.47058823529411764,4.268418425332481,-0.31747091311545156,1.2478090388189602,0.8025577101905158,1706.3123365147444,-0.5484843670207664,4.981944234530258,0.17696657103529775,0.017738233633995848,-0.16369602501682448,0.24254339853753212,
milvus-io/milvus,full_rewrite,2024-Q3,685,0,1187,66,51,15,0.0556,1.0136,3.558,700,612,88,56,0.1961,0,684,0,149425,64620,0.3019,84805,4909,9,0.0132,0,6,1.0136,0.0556,312.9312865497076,1.5714285714285714,4.897860767052558,-0.07300527005094692,1.191106225325254,0.5591217018173121,1865.6755127781248,-0.4516960814837295,6.104997824851106,0.9345766983249801,0.2521837739739456,-0.9060172820074748,0.2430582158831826,
milvus-io/milvus,full_rewrite,2024-Q4,704,0,1119,52,40,12,0.0465,0.9459,3.1379,640,621,19,51,0.2679,0,700,0,166477,69703,0.2951,96774,4897,9,0.0129,0,7,0.9459,0.0465,337.4,0.37254901960784315,5.402953298017828,0.12316483514419344,1.1304066650459812,0.29852689612861444,2035.1647166280936,-0.34875781279257384,5.928097040222349,0.8152397164433338,0.2385119062084089,-0.8133564373144786,0.21084586563640395,
milvus-io/milvus,full_rewrite,2025-Q1,517,1,1019,108,96,13,0.106,1.0955,5.0163,623,601,22,50,0.2353,0,516,1,227877,94371,0.2929,133506,6255,8,0.0155,0,8,1.0955,0.106,624.5116279069767,0.44,6.012187501196223,0.3597819506212007,1.134670065191843,0.3168304872497421,2476.511520038542,-0.08070843381464697,5.834568306602338,0.7521453847090346,0.5135113380999017,-0.6856950024694919,0.3383062189354714,
milvus-io/milvus,full_rewrite,2025-Q2,554,0,802,50,42,11,0.0623,1.1038,4.4451,652,751,-99,47,0.28,0,552,0,800588,123358,0.1335,677230,4966,10,0.0181,0,9,1.1038,0.0623,1673.8152173913043,-2.106382978723404,6.574890626088563,0.5783271169747981,1.0948497593245772,0.14587430861844297,3927.4407006263773,0.8005048496898194,3.2030741802847236,-1.0230562772454672,0.5987529822035091,1.1937453264954931,0.36210071279662054,
milvus-io/milvus,full_rewrite,2025-Q3,583,1,741,41,21,20,0.0553,1.1912,4.814,543,478,65,50,0.2979,0,582,1,243062,116903,0.3248,126159,5347,18,0.0309,1,10,1.1912,0.0553,618.4965635738831,1.3,7.174350469740593,0.8111480228091131,1.0516132809853653,-0.03974815091225531,4192.467601143886,0.9614673751849824,4.214797504059098,-0.3405493668782927,0.8779569988020932,0.5489957455296323,0.3856999359484289,
milvus-io/milvus,full_rewrite,2025-Q4,572,0,1123,39,27,13,0.0347,1.009,3.8496,551,480,71,49,0.36,0,571,0,208314,110388,0.3464,97926,3975,8,0.014,0,11,1.009,0.0347,558.1471103327495,1.4489795918367347,7.537658927463939,0.9522513929850097,0.9916680856966824,-0.2971043236152004,4373.292627373686,1.0712903887652767,5.284445320530514,0.3810333121464204,1.047364875141643,-0.15721807403983679,0.3275735346849047,
milvus-io/milvus,full_rewrite,2026-Q1,538,0,896,39,21,24,0.0435,1.6879,5.0698,561,419,142,49,0.2857,0,537,0,392386,137563,0.2596,254823,5224,19,0.0354,155,12,1.6879,0.0435,986.8696461824953,2.8979591836734695,8.547169623992184,1.3443296903122417,0.945917957983981,-0.4935183600047791,4966.56593709255,1.4316114356278897,7.706804425356237,2.0151528284056877,1.7539346557109412,-1.6629623252475665,0.4254056651537313,
milvus-io/milvus,full_rewrite,2026-Q2,657,1,1130,29,7,22,0.0257,1.824,5.981,727,867,-140,48,0.2449,0,655,1,611992,228025,0.2715,383967,10638,13,0.0198,202,13,1.824,0.0257,1282.4687022900764,-2.9166666666666665,9.601924357832889,1.7539800700103534,0.8864853417654228,-0.748673932858818,5802.043705044296,1.939033932219667,4.09652536040751,-0.420335562816729,1.518665678698655,0.7369922493928467,0.5026530685757677,
qdrant/qdrant,fuzzy,2023-Q1,101,71,205,1,0,1,0.0049,0.6008,1.7358,77,54,23,12,,0,100,57,49534,4804,0.0884,44730,711,1,0.01,0,0,0.6008,0.0049,543.38,1.9166666666666667,0.6008,-2.002076530347439,0.0049,-1.5556959203315848,543.38,-1.9563585768205003,1.9166666666666667,-2.0195402624407333,-3.576374149959185,1.1900210437905434,-1.778886225339512,2026-Q2
qdrant/qdrant,fuzzy,2023-Q2,210,102,309,6,0,6,0.0194,0.4966,2.4888,137,116,21,28,0.5,0,210,71,73026,10680,0.1276,62346,1299,6,0.0286,0,1,0.4966,0.0194,398.6,0.75,1.043328,-1.6149233483454226,0.023859,-1.4016356465170137,893.0758000000001,-1.3846256610434133,2.4941666666666666,-1.8295808328725507,-2.907661018607985,1.173801099030106,-1.5082794974312181,2026-Q2
qdrant/qdrant,fuzzy,2023-Q3,156,115,312,11,3,9,0.0353,0.5504,2.5559,155,96,59,17,0.7143,0,153,68,34682,4655,0.1183,30027,778,6,0.0392,0,2,0.5504,0.0353,257.1045751633987,3.4705882352941178,1.4998284800000001,-1.215546103476289,0.057011690000000004,-1.132237867146288,1069.8035531633989,-1.095685749226219,5.740279901960784,-0.7618235714176622,-2.111645050994346,0.27040102019649287,-1.1738919853112886,2026-Q2
qdrant/qdrant,fuzzy,2023-Q4,290,58,305,10,0,10,0.0328,0.7348,1.8864,144,139,5,22,0.5294,0,285,49,70930,21315,0.2311,49615,2002,13,0.0456,0,3,0.7348,0.0328,323.6666666666667,0.22727272727272727,2.0996439168000003,-0.690787319916719,0.08468063790000001,-0.9074008140509192,1297.1879000453596,-0.723925162896924,5.450927438057041,-0.857001457109962,-1.5125617689360475,0.4873510158761489,-0.7990940669838191,2026-Q2
qdrant/qdrant,fuzzy,2024-Q1,244,81,357,11,0,11,0.0308,0.6185,2.0032,153,98,55,27,0.6818,0,240,66,45967,16580,0.2651,29387,1461,8,0.0333,0,4,0.6185,0.0308,260.6125,2.037037037037037,2.529175964288,-0.31500386902362226,0.10785938048900001,-0.7190510366397268,1441.0534890412773,-0.48871303659565296,6.997381005668945,-0.34832017995457143,-0.9436579800580791,0.08983734242858446,-0.5170274528316745,2026-Q2
qdrant/qdrant,fuzzy,2024-Q2,376,96,430,21,2,19,0.0488,0.527,1.5553,120,102,18,21,0.6667,0,373,77,72982,22373,0.2346,50609,2531,24,0.0643,0,5,0.527,0.0488,255.64343163538874,0.8571428571428571,2.8285501275020803,-0.053091267114766354,0.14695203624499,-0.40138527104520283,1567.002106662951,-0.28279414826204163,7.224759572301597,-0.27352762097003547,-0.4858198047438132,0.1219655833938406,-0.2272382690799846,2026-Q2
qdrant/qdrant,fuzzy,2024-Q3,265,87,382,23,7,16,0.0602,0.5738,1.9219,111,65,46,22,0.5238,0,263,55,71981,19848,0.2161,52133,1941,13,0.0494,0,6,0.5738,0.0602,349.1596958174905,2.090909090909091,3.147780616026893,0.22619298026492357,0.19392635298294092,-0.01967336119230453,1775.131612880776,0.05748585924494675,8.665440301703544,0.20036136525865206,0.19264124993287896,-0.18215900446336492,0.10325980953630952,2026-Q2
qdrant/qdrant,fuzzy,2024-Q4,250,81,396,15,2,13,0.0379,0.5229,1.6301,92,47,45,18,0.4545,0,247,66,56989,13703,0.1938,43286,1851,12,0.0486,0,7,0.5229,0.0379,286.2024291497976,2.5,3.387380360584473,0.435810910683648,0.21437298121447623,0.1464753356764684,1901.5721968713037,0.264209084852638,10.385550674550226,0.7661642833889887,0.6572418384541762,-0.6435245224336554,0.2911431231800582,2026-Q2
qdrant/qdrant,fuzzy,2025-Q1,337,130,407,25,8,17,0.0614,0.2283,1.1438,91,67,24,18,0.2778,0,335,97,63331,26046,0.2914,37285,2909,18,0.0537,0,8,0.2283,0.0614,266.79701492537316,1.3333333333333333,3.3108161281318704,0.3688273837168413,0.2564794129051734,0.48863095546777235,1997.2277140782596,0.4206004620521874,10.78418444717404,0.8972885155175295,0.9375900284411873,-0.6702137483522608,0.42872916959230684,2026-Q2
qdrant/qdrant,fuzzy,2025-Q2,156,50,346,19,5,14,0.0549,0.6361,3.9759,85,76,9,13,0.3889,0,156,34,36047,8287,0.1869,27760,1073,3,0.0192,1,9,0.6361,0.0549,284.1923076923077,0.6923076923076923,3.648942676600002,0.6646431720032236,0.2882962657437078,0.747173761534681,2101.669527503524,0.5913569381627751,10.505915539236069,0.8057563890786411,1.3190144099678163,-0.49873743745987437,0.7059084667689524,2026-Q2
qdrant/qdrant,fuzzy,2025-Q3,369,123,389,21,2,20,0.054,0.4763,1.6281,86,63,23,25,0.1538,0,358,81,84630,30195,0.263,54435,2502,27,0.0754,1,10,0.4763,0.054,320.74022346368713,0.92,3.796837835706002,0.7940317789401461,0.31634960182677413,0.9751343416480508,2233.259493491894,0.8064991129945528,10.480383140704824,0.7973579131297184,1.6391270744504762,-0.399275301101645,0.8845830602940985,2026-Q2
qdrant/qdrant,fuzzy,2025-Q4,265,66,354,16,2,15,0.0452,0.5988,2.7115,65,53,12,16,0.56,0,263,46,57630,27721,0.3248,29909,1910,15,0.057,1,11,0.5988,0.0452,324.52851711026614,0.75,4.053922430492462,1.0189466293344194,0.3330781376623645,1.1110699295666073,2356.7946561878894,1.0084721386047497,10.28714865804139,0.7337965068965606,1.9371371227510683,-0.26719691249998556,1.0650082794505134,2026-Q2
qdrant/qdrant,fuzzy,2026-Q1,357,122,479,6,0,6,0.0125,0.5582,1.9194,69,38,31,25,0.1875,0,348,77,87070,28216,0.2447,58854,2921,7,0.0201,34,12,0.5582,0.0125,331.2816091954023,1.24,4.247269411748141,1.188099539486139,0.3156011052727517,0.9690520807660444,2475.964746326382,1.2033085167033672,10.601305278817666,0.8371333250398145,2.0836670172587812,-0.34335238284624076,1.0785758101260916,2026-Q2
qdrant/qdrant,fuzzy,2026-Q2,431,86,744,88,4,84,0.1183,0.39,1.5857,126,81,45,28,0.4,0,422,62,131137,60173,0.3145,70964,3313,75,0.1777,157,13,0.39,0.1183,453.34123222748815,1.6071428571428572,4.255015164690808,1.1948760437949173,0.4054970057982041,1.6995435122634137,2706.4691513844955,1.580170222229536,11.254330660866934,1.0519356264556128,2.771301032043071,-0.3289177955586918,1.4472097780291655,2026-Q2
triggerdotdev/trigger.dev,full_rewrite,2023-Q1,1866,0,56,0,0,0,0.0,0.0008,0.0107,52,7,45,6,,1,1755,0,1307965,761836,0.3681,546129,6461,11,0.0063,0,0,0.0008,0.0,1179.3737891737892,7.5,0.0008,-2.2397659248506088,0.0,-1.398046130347233,1179.3737891737892,-1.6922900265402687,7.5,0.09381417372173233,-2.94394557293319,-0.7298260447999525,-1.8189060275989208,2024-Q3
triggerdotdev/trigger.dev,full_rewrite,2023-Q2,1028,9,11,0,0,0,0.0,0.0775,0.194,2,0,2,6,0.3333,1,987,9,80337,587350,0.8797,-507013,4195,10,0.0101,0,1,0.0775,0.0,676.4812563323202,0.3333333333333333,0.078228,-2.1130479966461966,0.0,-1.398046130347233,1749.7114044804684,-1.237437204675976,7.158333333333333,-0.007009385047765628,-2.6414449406978595,-0.522030666384592,-1.7555470634967147,2024-Q3
triggerdotdev/trigger.dev,full_rewrite,2023-Q3,777,55,169,4,0,4,0.0237,0.6529,2.0581,161,129,32,32,0.3333,1,665,55,84007,33403,0.2845,50604,3641,15,0.0226,0,2,0.6529,0.0237,176.5563909774436,1.0,0.72408748,-1.0560405159314816,0.0237,-0.9003144957960636,1768.79376905467,-1.2222187320704971,7.514083333333334,0.09797007163198734,-1.7539933329849016,-0.5421036204435861,-0.9781775058637726,2024-Q3
triggerdotdev/trigger.dev,full_rewrite,2023-Q4,292,23,140,0,0,0,0.0,1.1525,4.0797,98,89,9,23,0.8125,1,253,23,65791,13913,0.1746,51878,1973,3,0.0119,0,3,1.1525,0.0,315.0355731225296,0.391304347826087,1.8114196068000001,0.7234768986755485,0.021567,-0.9451103429056688,1924.6379029622794,-1.0979306925366568,7.229120181159421,0.013879342499261826,-0.7711907134556348,-0.4547882895738714,-0.1108167221150601,2024-Q3
triggerdotdev/trigger.dev,full_rewrite,2024-Q1,223,14,133,2,0,2,0.015,0.0915,1.7391,37,27,10,20,0.7391,1,208,14,72748,19884,0.2147,52864,2351,3,0.0144,0,4,0.0915,0.015,445.34615384615387,0.5,1.739891842188,0.6064152395764434,0.03462597,-0.670854541907581,2196.7666455418284,-0.8809039295269401,7.078499364855073,-0.0305678576702147,-0.5651932252916819,-0.3103117576199863,-0.0322196511655688,2024-Q3
triggerdotdev/trigger.dev,full_rewrite,2024-Q2,397,43,146,4,0,4,0.0274,0.2121,1.9094,37,19,18,16,0.75,1,353,42,267895,17110,0.06,250785,2139,13,0.0368,0,5,0.2121,0.0274,807.3796033994334,1.125,1.79540157639108,0.6972619424925962,0.0589096327,-0.16086521158858266,2806.437250842497,-0.3946824568653366,7.566434422018117,0.1134185293880578,0.086861561862082,-0.23996857870603233,0.26819836545200676,2024-Q3
triggerdotdev/trigger.dev,full_rewrite,2024-Q3,293,20,119,1,0,1,0.0084,0.2528,2.1405,40,14,26,18,0.5625,1,272,20,67114,337781,0.8342,-270667,3200,2,0.0074,0,6,0.2528,0.0084,1488.5845588235295,1.4444444444444444,1.8866154345158828,0.8465416749550928,0.062007765757,-0.09580028203087719,4042.442457090202,0.5910502754890287,8.32989976848093,0.33871207054191693,0.8212520898598306,-0.20037741211867247,0.3753706964621078,2024-Q3
triggerdotdev/trigger.dev,full_rewrite,2024-Q4,203,18,144,1,0,1,0.0069,0.1427,1.9441,43,24,19,18,0.6667,1,184,18,42655,11807,0.2168,30848,1825,2,0.0109,0,7,0.1427,0.0069,295.9891304347826,1.0555555555555556,1.8595200454094534,0.8021976189100041,0.06332706683887,-0.06809319832014792,3974.6117663868663,0.5369542799814797,8.635764344873202,0.4289706708152648,0.80457127920828,-0.29466814561489474,0.36705221029492807,2024-Q3
triggerdotdev/trigger.dev,full_rewrite,2025-Q1,372,11,203,2,0,2,0.0099,0.0338,0.6495,57,24,33,15,0.5556,1,349,11,118627,95094,0.4449,23533,3283,4,0.0115,0,8,0.0338,0.0099,612.3810888252149,2.2,1.7259632413226027,0.5836198239070559,0.06752763082337171,0.020124252230181484,4229.277796237263,0.7400542670797225,10.058545553834614,0.8488239337553377,0.9561806902532438,-0.6273800901316349,0.3018720380686187,2024-Q3
triggerdotdev/trigger.dev,full_rewrite,2025-Q2,278,22,300,10,0,10,0.0333,0.0545,0.8027,35,126,-91,12,0.6,1,277,22,71924,19562,0.2138,52362,1900,8,0.0289,7,9,0.0545,0.0333,330.27436823104694,-7.583333333333333,1.6251265496035685,0.41859145352911753,0.09475014404926826,0.591833366344794,4178.917162806956,0.6998909048677966,1.5699431206561654,-1.6561061334421368,0.5538715170731542,1.850490478031463,0.5052124099369557,2024-Q3
triggerdotdev/trigger.dev,full_rewrite,2025-Q3,314,13,288,5,0,5,0.0174,0.067,0.9436,39,35,4,13,0.4167,1,309,13,70572,30782,0.3037,39790,1919,6,0.0194,0,10,0.067,0.0174,328.0064724919094,0.3076923076923077,1.5458651601392472,0.2888730175689764,0.10362263108483412,0.7781674370091927,4130.82109064624,0.6615335643106127,1.7363405474894182,-1.6070033605345784,0.5804884604407222,1.8274173961425988,0.5335202272890845,2024-Q3
triggerdotdev/trigger.dev,full_rewrite,2025-Q4,172,9,175,1,0,1,0.0057,0.0414,1.1338,48,24,24,14,0.5385,1,169,9,71712,8525,0.1062,63187,1036,1,0.0059,0,11,0.0414,0.0057,474.7751479289941,1.7142857142857142,1.4481372957267151,0.12893252438566072,0.09999659428719905,0.7020158242568894,4233.822340417073,0.7436786093794359,3.294355612501085,-1.1472434869610169,0.6108914485111465,1.3978325630087807,0.41547417432127504,2024-Q3
triggerdotdev/trigger.dev,full_rewrite,2026-Q1,251,8,259,12,0,12,0.0463,0.1342,2.1649,102,35,67,16,0.4286,1,250,8,194387,17794,0.0839,176593,2153,12,0.048,23,12,0.1342,0.0463,848.724,4.1875,1.452004939111311,0.13526227275484876,0.13729690080135115,1.4853720491745497,4701.502329779537,1.1166604313421926,7.1853636073759874,0.0009670688746592989,1.5559413456102908,0.5306103337618124,0.8103171609646992,2024-Q3
triggerdotdev/trigger.dev,full_rewrite,2026-Q2,414,18,428,17,0,17,0.0397,0.1566,1.0466,141,22,119,13,0.5,1,408,18,245695,90131,0.2684,155564,5105,17,0.0417,50,13,0.1566,0.0397,823.1029411764706,9.153846153846153,1.477924494591293,0.17768197067294866,0.16464017972922956,2.059617404227776,5101.470061275849,1.435640709765408,15.692527036558303,2.5113743624274982,2.70570939254452,-1.6848961655514367,1.1186496874503624,2024-Q3
tursodatabase/libsql,pivot,2023-Q1,927,202,32,0,0,0,0.0,0.1695,1.5783,24,7,17,22,,1,861,0,52379,43268,0.4524,9111,3114,14,0.0163,0,0,0.1695,0.0,111.08826945412311,0.7727272727272727,0.1695,-1.5131333530173785,0.0,-1.7514160568675545,111.08826945412311,-2.01116808710542,0.7727272727272727,-1.5343462342024277,-3.3364722636301676,0.675811740275222,-1.6322747049424664,
tursodatabase/libsql,pivot,2023-Q2,631,34,18,0,0,0,0.0,0.9994,3.4792,6,3,3,27,0.3182,1,580,0,46814,48815,0.5105,-2001,2172,7,0.0121,0,1,0.9994,0.0,164.87758620689655,0.1111111111111111,1.153645,-0.7646970600037565,0.0,-1.7514160568675545,265.9679114101486,-1.9271510800426113,0.8142929292929293,-1.5252823725613036,-2.8833642318332258,0.6812975023552801,-1.2580565584356556,
tursodatabase/libsql,pivot,2023-Q3,1495,0,186,8,0,8,0.043,0.1037,0.5531,56,25,31,26,0.3333,1,1237,0,1469320,49481,0.0326,1419839,7051,41,0.0331,0,2,0.1037,0.043,1227.8100242522232,1.1923076923076923,1.15351695,-0.764794441250748,0.043,-1.2047064194797226,1469.8408236354585,-1.2740904344228623,1.933314257964258,-1.281267112498642,-2.139698234364473,0.7048053902145075,-0.9847504303652352,
tursodatabase/libsql,pivot,2023-Q4,1525,0,234,3,0,3,0.0128,0.0888,1.0023,111,42,69,33,0.4231,1,1209,0,2353964,1147580,0.3277,1206384,9319,17,0.0141,0,3,0.0888,0.0128,2896.231596360629,2.090909090909091,1.1385004245,-0.7762144176558148,0.05193,-1.0911688133896449,4233.786745868896,0.22525745363230434,3.8502250656565655,-0.8632630251133236,-1.124228345738203,0.6978707910202457,-0.9336916155227298,
tursodatabase/libsql,pivot,2024-Q1,841,0,293,20,0,20,0.0683,0.1367,1.1512,81,33,48,28,0.5758,1,749,0,663258,19600,0.0287,643658,2902,29,0.0387,0,4,0.1367,0.0683,911.6929238985314,1.7142857142857142,1.172735386295,-0.7501789372161308,0.1155563,-0.28221273428896076,4764.438862639227,0.5131184150829106,5.217990524033189,-0.5650062935577399,-0.4116443088124941,0.6240132367528622,-0.5161958357525458,
tursodatabase/libsql,pivot,2024-Q2,392,0,143,5,0,5,0.035,0.2053,2.0038,73,23,50,28,0.5357,0,367,0,102285,8535,0.077,93750,2607,5,0.0136,0,5,0.2053,0.035,301.9618528610354,1.7857142857142858,1.2724892015284501,-0.6743167668171661,0.14015623300000002,0.03055518315743393,4637.6012178627325,0.44431325023082224,6.534085662584488,-0.27801685977982044,-0.16103853080425284,0.3865425638782882,-0.3218807918298661,
tursodatabase/libsql,pivot,2024-Q3,1143,0,188,6,0,6,0.0319,0.2882,1.7678,44,26,18,28,0.4643,1,969,0,92039,40948,0.3079,51091,3376,30,0.031,0,6,0.2882,0.0319,137.24148606811144,0.6428571428571429,1.4461651733908896,-0.5422372454394603,0.15944217203,0.27576003743127403,4357.458594323198,0.29234528024289136,6.588875095809027,-0.26606940403932433,-0.033740164598773964,0.3784990495310363,-0.13323860400409313,
tursodatabase/libsql,pivot,2024-Q4,307,0,67,5,0,5,0.0746,0.2461,1.405,43,11,32,12,0.7143,1,225,0,11791,4872,0.2924,6919,658,3,0.0133,0,7,0.2461,0.0746,74.05777777777777,2.6666666666666665,1.5621103077857095,-0.45406167519379,0.2196923765473,1.0417918389241998,4039.345098611888,0.11977938663409608,8.662543003852882,0.1861173424507752,0.4634643704460175,0.03575279991828449,0.2938650818652049,
tursodatabase/libsql,pivot,2025-Q1,138,0,42,1,0,1,0.0238,0.8052,6.6406,54,16,38,12,0.6667,1,92,0,70166,83309,0.5428,-13143,1601,6,0.0652,0,8,0.8052,0.0238,1668.2065217391305,3.1666666666666665,2.2267203800849957,0.05137024673965798,0.223720062658043,1.0930005555083,5344.010561475949,0.8275166077672285,11.049580800172789,0.7066379381931328,1.296055212993909,-0.2806232766511663,0.572185401123979,
tursodatabase/libsql,pivot,2025-Q2,93,0,35,0,0,0,0.0,1.2167,3.8571,53,20,33,13,0.6667,1,56,0,1720,609,0.2615,1111,117,1,0.0179,0,9,1.2167,0.0,41.589285714285715,2.5384615384615383,3.243015545877346,0.8242565454997911,0.20358525701881913,0.8370030603944731,4904.638896657399,0.5891722275759372,12.593580066618777,1.043324445308884,1.5134018037791965,-0.7117120224644489,0.8306298029471322,
tursodatabase/libsql,pivot,2025-Q3,95,0,24,0,0,0,0.0,0.1591,2.3272,18,4,14,10,0.6154,1,68,0,1574,683,0.3026,891,150,1,0.0147,0,10,0.1591,0.0,33.19117647058823,1.4,3.1102441467483852,0.7232847031571367,0.1852625838871254,0.6040453398408906,4496.4125724288215,0.3677231492285403,12.860157860623088,1.1014547490521813,1.214389721697502,-0.8612623215383222,0.6636650214990136,
tursodatabase/libsql,pivot,2025-Q4,56,0,22,1,0,1,0.0455,1.5604,3.6534,12,4,8,13,0.5,1,33,0,1568,244,0.1347,1324,72,0,0.0,0,11,1.5604,0.0455,54.90909090909091,0.6153846153846154,4.390722173541031,1.697080462580885,0.21408895133728412,0.9705488955591387,4146.644531819318,0.1779857275306202,12.318128268551625,0.9832590645892053,1.8105504554035243,-0.7412729530648621,1.3338146790700118,
tursodatabase/libsql,pivot,2026-Q1,14,0,5,0,0,0,0.0,0.0497,0.7044,6,1,5,4,0.6923,0,9,0,45,23,0.3382,22,12,0,0.0,0,12,0.0497,0.0,7.555555555555555,1.25,4.045257177922338,1.4343564323954736,0.19482094571692854,0.7255720498407363,3781.0020795111354,-0.02036302967248248,12.45949672438198,1.0140860556663636,1.4240228030645463,-0.8596847178356579,1.079964241118105,
tursodatabase/libsql,pivot,2026-Q2,30,0,8,0,0,0,0.0,0.4626,2.3236,7,0,7,3,0.75,0,18,0,41713,20686,0.3315,21027,135,0,0.0,0,13,0.4626,0.0,3466.6111111111113,2.3333333333333335,4.143784031909327,1.5092855062212989,0.17728706060240498,0.5026431202369902,6907.323003466245,1.6755611333180256,13.671475352520936,1.27837170649204,2.368301712396894,-0.7300377823912697,1.0059643132291445,
weaviate/weaviate,migration,2023-Q1,797,7,167,3,0,3,0.018,0.9765,3.748,147,107,40,22,,1,604,7,82692,37540,0.3122,45152,8719,33,0.0546,0,0,0.9765,0.018,199.05960264900662,1.8181818181818181,0.9765,-3.061259993734132,0.018,-2.416779902322321,199.05960264900662,-2.034165747665582,1.8181818181818181,-1.3725153844427909,-4.522718018694803,0.415148793283778,-2.7390199480282265,2024-Q1
weaviate/weaviate,migration,2023-Q2,603,6,156,12,0,12,0.0769,1.5468,5.795,129,56,73,24,0.4091,1,429,6,57767,26064,0.3109,31703,2822,26,0.0606,0,1,1.5468,0.0769,195.4102564102564,3.0416666666666665,2.435415,0.19734794174167264,0.09328,-1.4801869428844687,376.5544948208524,-1.60774452478446,4.696212121212121,-0.5130769387952626,-1.7796345467594448,-0.16632055180765873,-0.6414195005713981,2024-Q1
weaviate/weaviate,migration,2023-Q3,705,7,214,6,0,6,0.028,0.3588,1.7337,129,46,83,24,0.4167,1,497,7,87087,41804,0.3243,45283,2397,17,0.0342,0,2,0.3588,0.028,259.3380281690141,3.4583333333333335,2.57502765,0.5091844018389412,0.11288480000000001,-1.2362746467741181,602.0026184559898,-1.0661184340253322,7.731886363636365,0.3934371968114114,-0.9410449499350301,-0.8569391927330452,-0.36354512246758847,2024-Q1
weaviate/weaviate,migration,2023-Q4,720,15,247,19,0,19,0.0769,0.5764,1.9453,75,33,42,21,0.5,0,476,15,62619,27492,0.3051,35127,2104,26,0.0546,0,3,0.5764,0.0769,189.30882352941177,2.0,2.9196751615000003,1.2789832701183748,0.179625168,-0.40592716033560466,737.1312063243624,-0.7414798093304713,9.036016590909092,0.7828770349775036,0.2276302444419025,-1.0115852932232547,0.436528054891385,2024-Q1
weaviate/weaviate,migration,2024-Q1,833,12,382,18,0,18,0.0471,0.176,1.6114,113,50,63,30,0.381,1,535,12,75114,59901,0.4437,15213,9354,23,0.043,0,4,0.176,0.0471,252.3644859813084,2.1,2.8329043969650005,1.0851735540752516,0.21055890288,-0.021066396550733408,923.1538837364783,-0.2945710751405568,10.322775097727273,1.1671293237248288,0.6918057294809987,-1.199027864401791,0.5320535787622591,2024-Q1
weaviate/weaviate,migration,2024-Q2,1292,10,451,17,0,17,0.0377,0.1064,1.1182,92,39,53,31,0.3,1,832,10,109991,52996,0.3252,56995,4317,54,0.0649,0,5,0.1064,0.0377,195.89783653846155,1.7096774193548387,2.68434300123815,0.7533493264671485,0.22930860162080002,0.21220719314392716,1035.967870738657,-0.023541989700797412,11.103402758286657,1.4002406368733475,0.8578632014454768,-1.31087937943157,0.4827782598055378,2024-Q1
weaviate/weaviate,migration,2024-Q3,1426,3,455,6,0,6,0.0132,0.1682,1.2432,98,60,38,35,0.3548,1,853,3,71366,27905,0.2811,43461,2968,19,0.0223,0,6,0.1682,0.0132,116.37866354044549,1.0857142857142856,2.6109521311267168,0.589424716920608,0.221870827474928,0.11967043837622508,1059.1094259126235,0.0320542594977416,11.189810795755145,1.426043836143063,0.7548534612346519,-1.3361516830026703,0.35454757764841655,2024-Q1
weaviate/weaviate,migration,2024-Q4,1950,21,648,23,0,23,0.0355,0.0723,0.664,68,141,-73,32,0.3714,1,1170,19,165536,99548,0.3755,65988,5434,69,0.059,0,7,0.0723,0.0355,226.56752136752138,-2.28125,2.448266439325312,0.22605269984461063,0.2374024530021845,0.31290650529245295,1190.3570989480088,0.34736921054357317,7.9014778241371815,0.4440806598265336,0.6072714329701056,-0.28532111754180345,0.26947960256853176,2024-Q1
weaviate/weaviate,migration,2025-Q1,1990,38,686,29,0,29,0.0423,0.1284,1.0434,69,28,41,35,0.375,0,1210,37,128585,55903,0.303,72682,5126,68,0.0562,0,8,0.1284,0.0423,152.4694214876033,1.1714285714285715,2.356322459786034,0.02068817802811296,0.2583362322319879,0.5733532406944214,1235.6943815302914,0.45628941238310816,8.361773391393406,0.5815342879014745,0.7410389290794192,-0.34264733589266994,0.2970207093612672,2024-Q1
weaviate/weaviate,migration,2025-Q2,1726,4,608,26,0,26,0.0428,0.1275,1.1564,40,76,-36,35,0.3143,1,977,4,145981,55886,0.2768,90095,7768,74,0.0757,0,9,0.1275,0.0428,206.61924257932446,-1.0285714285714285,2.271753438405291,-0.1682037616439806,0.277885971331109,0.816580498918169,1331.1011297718896,0.6854986124816951,6.580642357596571,0.0496522970936769,0.7776401554193917,0.2648150761673743,0.3241883686370942,2024-Q1
weaviate/weaviate,migration,2025-Q3,1505,15,585,13,0,13,0.0222,0.1524,1.0969,56,111,-55,26,0.3429,0,868,15,123099,52626,0.2995,70473,3774,25,0.0288,0,10,0.1524,0.0222,202.44815668202764,-2.1153846153846154,2.219695628948815,-0.28447920675103644,0.2750762339113092,0.7816232687739932,1413.7501847744475,0.8840581917063085,3.8729999300282647,-0.7589048598161833,0.6091957939344625,1.0798710971133778,0.2485720310114784,2024-Q1
weaviate/weaviate,migration,2025-Q4,1548,22,562,20,0,20,0.0356,0.1772,1.0729,30,25,5,27,0.3077,0,870,22,86912,37453,0.3012,49459,3568,37,0.0425,7,11,0.1772,0.0356,142.94827586206895,0.18518518518518517,2.1971230223434217,-0.33489700011713947,0.2859193728592914,0.9165277267560137,1429.4609440068161,0.9218023830026493,3.709615121510906,-0.8076948901806061,0.66844786646073,1.1594259263250144,0.29081536331943714,2024-Q1
weaviate/weaviate,migration,2026-Q1,1887,24,582,16,0,16,0.0275,0.1684,1.1842,28,86,-58,26,0.3333,0,1207,24,144268,51830,0.2643,92438,7847,55,0.0456,33,12,0.1684,0.0275,162.4672742336371,-2.230769230769231,2.1677819503325138,-0.40043272364463195,0.2876866293019552,0.9385149735907652,1463.2767332798398,1.0030428628725279,1.1449805298056939,-1.5735469956390673,0.503477599363316,1.9140235148635034,0.26904112497306665,2024-Q1
weaviate/weaviate,migration,2026-Q2,1940,42,685,15,0,15,0.0219,0.1904,1.6755,92,43,49,38,0.2692,0,1228,42,323909,59887,0.156,264022,5824,90,0.0733,242,13,0.1904,0.0219,312.53745928338765,1.2894736842105263,2.163081574802588,-0.41093140314380294,0.28369483266477924,0.8888512033212819,1644.1192865680418,1.4375066481595933,2.331405966333708,-1.2192562044779327,0.8041731015588216,1.675588010281419,0.23895990008873946,2024-Q1
zed-industries/zed,transition,2023-Q1,1194,0,273,4,0,4,0.0147,0.0183,0.4691,448,269,179,9,,1,891,0,64542,36071,0.3585,28471,2918,19,0.0213,0,0,0.0183,0.0147,112.92143658810325,19.88888888888889,0.0183,-1.2729878224824476,0.0147,-1.7256324862782004,112.92143658810325,-1.8343760684699262,19.88888888888889,-1.2486302729887102,-3.021439508100386,0.4495799963642945,-1.499310154380324,
zed-industries/zed,transition,2023-Q2,1896,0,310,4,0,4,0.0129,0.0243,0.5521,308,144,164,14,0.1111,1,1559,0,128358,97241,0.431,31117,6163,27,0.0173,0,1,0.0243,0.0129,144.70750481077613,11.714285714285714,0.040953,-1.0419273827433053,0.026277000000000002,-1.4567250113199444,247.46601210595009,-1.5839646558067673,29.813174603174602,0.15440940412201007,-2.255765981414875,-0.7815700208252607,-1.2493261970316247,
zed-industries/zed,transition,2023-Q3,2132,0,381,7,0,7,0.0184,0.0184,0.541,317,210,107,16,0.1429,1,1717,0,174645,96142,0.355,78503,6517,40,0.0233,0,2,0.0184,0.0184,157.70937682003495,6.6875,0.055667230000000005,-0.8918423408405604,0.04231207000000001,-1.0842666728489339,382.9034478364496,-1.3318914713010757,33.81748888888889,0.7205168282957387,-1.6796975370566722,-1.195917673725712,-0.988054506844747,
zed-industries/zed,transition,2023-Q4,3784,0,726,6,0,6,0.0083,0.0112,0.0506,204,95,109,13,0.25,1,2995,0,746644,392983,0.3448,353661,13717,36,0.012,0,3,0.0112,0.0083,380.50984974958266,8.384615384615385,0.06185717930000001,-0.8287049017719604,0.04680398370000001,-0.9799296968795637,728.9519872807518,-0.6878335204045257,39.158530273504276,1.475603208862032,-1.033527207112727,-1.7385802299475348,-0.904317299325762,
zed-industries/zed,transition,2024-Q1,2647,0,1771,41,0,41,0.0232,0.026,0.4227,1505,1258,247,233,0.0769,0,2292,0,250492,509132,0.6702,-258640,12412,50,0.0218,0,4,0.026,0.0232,331.4240837696335,1.0600858369098713,0.08229003316300001,-0.6202899369235777,0.06579162516700002,-0.5388898141548809,994.7703921951177,-0.1930981360140608,36.69434838579876,1.127231037846068,-0.4738008632986509,-1.209695951633174,-0.5795898755392292,
zed-industries/zed,transition,2024-Q2,1590,0,1607,27,0,27,0.0168,0.0256,0.4956,1578,1004,574,203,0.8026,0,1585,0,171113,89109,0.3424,82004,6352,26,0.0164,2,5,0.0256,0.0168,164.17791798107257,2.8275862068965516,0.10048393017833002,-0.4347123160817105,0.07667037890197001,-0.28620101761316197,1069.4189748786296,-0.0541638313709034,36.21944323797342,1.0600916200133117,-0.16719768549966785,-1.0693850369350861,-0.36045666684743627,
zed-industries/zed,transition,2024-Q3,1889,99,1956,36,0,36,0.0184,0.0229,0.4356,2224,1368,856,257,0.7438,0,1883,32,194960,108963,0.3585,85997,7391,36,0.0191,2,6,0.0229,0.0184,161.40361125862984,3.330739299610895,0.11434037646228032,-0.29337666201419804,0.08817004480079271,-0.019089838575762044,1134.5748783981828,0.06710290703811987,36.290432646166714,1.0701277031347824,0.13273515140705308,-1.0041460080156175,-0.15623325029498003,
zed-industries/zed,transition,2024-Q4,1513,95,1632,31,0,31,0.019,0.039,0.6157,1734,1545,189,203,0.8054,0,1507,28,163828,93638,0.3637,70190,5877,30,0.0199,1,7,0.039,0.019,170.84671532846716,0.9310344827586207,0.1430497425806751,-0.0005413307137817758,0.09923474076872138,0.2379179746674354,1203.3098546708136,0.19503093714673664,33.95532819077033,0.7400037732681634,0.4285633926830541,-0.6160848016027841,0.11868832197682681,
zed-industries/zed,transition,2025-Q1,2332,140,2647,50,0,50,0.0189,0.0289,0.2951,1420,2140,-720,214,0.7241,0,2322,26,319690,210166,0.3966,109524,11705,47,0.0202,1,8,0.0289,0.0189,228.1894918173988,-3.364485981308411,0.15907526574841435,0.16291889222303205,0.10920361409953645,0.4694723113322175,1323.2014595678393,0.41817056230936644,27.53486267229259,-0.1676855181614994,0.5522965864263795,0.34295229540799294,0.3161956017776248,
zed-industries/zed,transition,2025-Q2,2615,16,2801,53,0,53,0.0189,0.0305,0.4632,1643,1607,36,253,0.7056,0,2609,9,336815,184079,0.3534,152736,11118,52,0.0199,4,9,0.0305,0.0189,199.65274051360674,0.1422924901185771,0.17525849183105707,0.3279876837761766,0.11827528883057818,0.6801867576971695,1403.7660687203404,0.5681156456461303,25.199017521904835,-0.49791416331861393,0.7654468855241102,0.7297486644163449,0.5040872207366731,
zed-industries/zed,transition,2025-Q3,2277,1,2342,52,0,52,0.0222,0.0353,0.5406,1870,1619,251,261,0.7273,0,2271,1,300444,184198,0.3801,116246,10965,52,0.0229,5,10,0.0353,0.0222,213.40466754733598,0.9616858237547893,0.19478522756626193,0.5271602501314698,0.12983051283582617,0.9485884256446744,1490.8317900828458,0.7301604564235812,23.892791768688188,-0.6825810110685427,1.072566855511011,0.990412353586634,0.7378743378880721,
zed-industries/zed,transition,2025-Q4,2388,0,2585,47,0,47,0.0182,0.0362,0.9637,2223,2031,192,370,0.7011,0,2384,0,390306,195360,0.3336,194946,10197,47,0.0197,7,11,0.0362,0.0182,245.66526845637583,0.518918918918919,0.21345455708529837,0.7175872791476491,0.1363457666806018,1.0999230080158144,1602.3221974317655,0.9376639569934033,22.261359428425173,-0.9132237363798174,1.3228134345604943,1.286099146501032,0.9087551435817318,
zed-industries/zed,transition,2026-Q1,2684,13,3013,54,0,54,0.0179,0.0409,1.1591,1965,2238,-273,389,0.7027,0,2677,6,530240,265688,0.3338,264552,12896,49,0.0183,48,12,0.0409,0.0179,297.32088158386256,-0.7017994858611826,0.23514364694762152,0.9388158423017637,0.14197464767934764,1.2306691578139703,1755.4340812467692,1.2226324365776786,19.556037594005726,-1.2956869163324747,1.5846661120088616,1.741906062574314,1.084742500057867,
zed-industries/zed,transition,2026-Q2,2145,17,2558,54,0,54,0.0211,0.1948,2.5784,2472,2466,6,377,0.7326,0,2139,14,470085,240009,0.338,230076,9505,45,0.021,27,13,0.1948,0.0211,331.9747545582048,0.015915119363395226,0.40878071872233557,2.7099127459914483,0.15029692938820638,1.4239769024991638,1929.4197684927647,1.5464507812322434,17.811909329908605,-1.5422619572924507,2.772340364362013,2.074681203834559,2.066944824245306,
