repo,event_type,quarter,commits,commits_bot,pr_count_total,pr_count_refactor,pr_count_refactor_label,pr_count_refactor_title,pr_refactor_ratio,pr_review_latency_median,pr_review_latency_p75,issues_opened,issues_closed,issue_backlog_delta,contributor_count,contributor_turnover_frac,label_coverage_warn,commits_git,commits_git_bot,additions,deletions,churn_ratio,net_growth,files_touched,refactor_commit_count,refactor_commit_share,ai_coauthored_commits,core_size,turnover_core,qidx,churn_per_commit,backlog_per_contrib,adoption_q,adopt_idx,tau,post
Infisical/infisical,migration,2023-Q1,1087,20,156,5,0,5,0.0321,0.4195,3.0886,109,77,32,44,,1,809,18,82024,34793,0.2978,47231,3549,34,0.042,0,6.0,,0,144.39678615574783,0.7272727272727273,2026-Q1,12.0,-12.0,False
Infisical/infisical,migration,2023-Q2,715,34,128,2,0,2,0.0156,0.282,1.6838,78,41,37,20,0.8636,0,510,34,88531,55100,0.3836,33431,3400,10,0.0196,0,5.0,0.5,1,281.6294117647059,1.85,2026-Q1,12.0,-11.0,False
Infisical/infisical,migration,2023-Q3,934,3,158,5,0,5,0.0316,0.269,1.4564,134,103,31,42,0.65,0,725,3,92582,62712,0.4038,29870,3813,16,0.0221,0,8.0,0.2,2,214.19862068965517,0.7380952380952381,2026-Q1,12.0,-10.0,False
Infisical/infisical,migration,2023-Q4,583,3,108,4,2,2,0.037,0.2557,1.8584,81,48,33,24,0.7857,0,434,3,49353,30041,0.3784,19312,2059,15,0.0346,0,5.0,0.5,3,182.93548387096774,1.375,2026-Q1,12.0,-9.0,False
Infisical/infisical,migration,2024-Q1,1557,26,220,21,9,13,0.0955,0.0892,1.5502,94,49,45,25,0.6667,0,1300,26,150469,121903,0.4476,28566,7354,69,0.0531,0,3.0,0.4,4,209.51692307692306,1.8,2026-Q1,12.0,-8.0,False
Infisical/infisical,migration,2024-Q2,1733,4,296,44,2,44,0.1486,0.144,1.302,74,70,4,22,0.76,0,1347,23,85952,44829,0.3428,41123,4249,85,0.0631,0,5.0,0.0,5,97.090571640683,0.18181818181818182,2026-Q1,12.0,-7.0,False
Infisical/infisical,migration,2024-Q3,1604,6,318,15,3,14,0.0472,0.1814,1.2257,91,82,9,26,0.6818,0,1234,6,112269,46930,0.2948,65339,4880,83,0.0673,0,6.0,0.0,6,129.01053484602917,0.34615384615384615,2026-Q1,12.0,-6.0,False
Infisical/infisical,migration,2024-Q4,1215,2,284,17,0,17,0.0599,0.3701,2.9533,68,72,-4,27,0.6923,1,918,1,105115,42252,0.2867,62863,4211,51,0.0556,0,5.0,0.3333,7,160.53050108932462,-0.14814814814814814,2026-Q1,12.0,-5.0,False
Infisical/infisical,migration,2025-Q1,1302,3,289,10,0,10,0.0346,0.1598,1.5984,64,45,19,22,0.7037,1,974,3,343245,276789,0.4464,66456,13386,58,0.0595,0,5.0,0.2,8,636.5852156057495,0.8636363636363636,2026-Q1,12.0,-4.0,False
Infisical/infisical,migration,2025-Q2,2090,0,420,10,0,10,0.0238,0.2121,1.8864,58,37,21,17,0.4545,1,1527,0,283980,98295,0.2571,185685,10788,41,0.0269,0,6.0,0.0,9,250.34381139489196,1.2352941176470589,2026-Q1,12.0,-3.0,False
Infisical/infisical,migration,2025-Q3,1677,1,395,17,0,17,0.043,0.1882,1.9656,69,48,21,22,0.3529,1,1209,1,228010,139763,0.38,88247,9688,43,0.0356,0,5.0,0.1667,10,304.19602977667495,0.9545454545454546,2026-Q1,12.0,-2.0,False
Infisical/infisical,migration,2025-Q4,2446,1,361,13,0,13,0.036,0.7357,2.651,64,22,42,18,0.5455,1,1947,0,277766,147507,0.3469,130259,13512,111,0.057,0,7.0,0.4,11,218.42475603492554,2.3333333333333335,2026-Q1,12.0,-1.0,False
Infisical/infisical,migration,2026-Q1,2715,156,499,21,0,21,0.0421,0.6743,2.7648,46,117,-71,33,0.2778,1,2109,148,273581,102961,0.2734,170620,9280,233,0.1105,32,,,12,178.54054054054055,-2.1515151515151514,2026-Q1,12.0,0.0,True
Infisical/infisical,migration,2026-Q2,4162,112,776,51,0,51,0.0657,0.7725,2.8428,69,115,-46,35,0.4242,1,3059,111,585662,318988,0.3526,266674,18515,213,0.0696,51,,,13,295.7338999673096,-1.3142857142857143,2026-Q1,12.0,1.0,True
LedgerHQ/ledger-live,migration,2023-Q1,1056,10,494,15,0,15,0.0304,2.0004,7.2179,44,29,15,56,,0,817,36,1149015,665425,0.3667,483590,9342,24,0.0294,0,23.0,,0,2220.856793145655,0.26785714285714285,2025-Q4,11.0,-11.0,False
LedgerHQ/ledger-live,migration,2023-Q2,945,97,447,7,0,7,0.0157,1.5874,7.0171,33,45,-12,57,0.3571,0,762,90,157818,566642,0.7822,-408824,9500,22,0.0289,0,23.0,0.3043,1,950.7349081364829,-0.21052631578947367,2025-Q4,11.0,-10.0,False
LedgerHQ/ledger-live,migration,2023-Q3,1151,165,516,9,0,9,0.0174,0.9753,4.6654,18,19,-1,54,0.4211,0,844,146,513798,276406,0.3498,237392,6124,13,0.0154,1,19.0,0.5217,2,936.260663507109,-0.018518518518518517,2025-Q4,11.0,-9.0,False
LedgerHQ/ledger-live,migration,2023-Q4,1092,97,506,6,0,6,0.0119,1.9219,6.1761,20,16,4,50,0.3519,0,866,90,952063,1422938,0.5991,-470875,8133,20,0.0231,0,18.0,0.3684,3,2742.4953810623556,0.08,2025-Q4,11.0,-8.0,False
LedgerHQ/ledger-live,migration,2024-Q1,1290,67,482,18,0,18,0.0373,1.8728,6.9699,12,12,0,53,0.3,0,1064,66,90538,50512,0.3581,40026,6068,87,0.0818,0,20.0,0.4444,4,132.56578947368422,0.0,2025-Q4,11.0,-7.0,False
LedgerHQ/ledger-live,migration,2024-Q2,1190,92,474,15,0,15,0.0316,0.9563,5.6666,12,13,-1,52,0.3396,0,945,82,383546,260454,0.4044,123092,6736,60,0.0635,0,21.0,0.45,5,681.4814814814815,-0.019230769230769232,2025-Q4,11.0,-6.0,False
LedgerHQ/ledger-live,migration,2024-Q3,1155,67,550,12,0,12,0.0218,0.8981,3.1723,16,16,0,57,0.25,0,913,57,422937,228685,0.3509,194252,6670,53,0.0581,0,23.0,0.3333,6,713.7152245345017,0.0,2025-Q4,11.0,-5.0,False
LedgerHQ/ledger-live,migration,2024-Q4,1470,112,593,11,0,11,0.0185,1.039,4.256,20,18,2,54,0.3158,0,1133,98,150878,310119,0.6727,-159241,5911,18,0.0159,0,19.0,0.5217,7,406.88172992056485,0.037037037037037035,2025-Q4,11.0,-4.0,False
LedgerHQ/ledger-live,migration,2025-Q1,1663,271,674,10,0,10,0.0148,0.9679,4.8565,8,12,-4,71,0.2407,0,1164,257,230326,98293,0.2991,132033,6449,23,0.0198,0,29.0,0.2632,8,282.31872852233676,-0.056338028169014086,2025-Q4,11.0,-3.0,False
LedgerHQ/ledger-live,migration,2025-Q2,1777,289,619,22,0,22,0.0355,0.9699,4.4503,7,7,0,68,0.2817,0,1204,268,715263,453405,0.388,261858,7646,69,0.0573,0,31.0,0.5172,9,970.6544850498339,0.0,2025-Q4,11.0,-2.0,False
LedgerHQ/ledger-live,migration,2025-Q3,2546,292,897,47,0,47,0.0524,0.7257,3.0078,18,12,6,72,0.1765,0,1646,275,893453,922494,0.508,-29041,9550,121,0.0735,0,30.0,0.2903,10,1103.2484811664642,0.08333333333333333,2025-Q4,11.0,-1.0,False
LedgerHQ/ledger-live,migration,2025-Q4,2721,269,1001,54,0,54,0.0539,0.7891,3.6671,9,22,-13,73,0.25,0,1680,258,215489,205927,0.4887,9562,13344,115,0.0685,8,32.0,0.4,11,250.84285714285716,-0.1780821917808219,2025-Q4,11.0,0.0,True
LedgerHQ/ledger-live,migration,2026-Q1,4480,313,1599,93,0,93,0.0582,0.7306,2.8211,8,6,2,78,0.2192,0,2814,302,1702977,1863127,0.5225,-160150,24443,230,0.0817,102,,,12,1267.272210376688,0.02564102564102564,2025-Q4,11.0,1.0,True
LedgerHQ/ledger-live,migration,2026-Q2,5843,312,2174,168,0,168,0.0773,0.7498,2.9368,18,15,3,92,0.1154,0,3648,301,704029,486803,0.4088,217226,26637,412,0.1129,286,,,13,326.4342105263158,0.03260869565217391,2025-Q4,11.0,2.0,True
PostHog/posthog,full_rewrite,2023-Q1,965,3,984,66,0,66,0.0671,0.3597,1.8427,247,172,75,30,,0,956,3,134049,74590,0.3575,59459,5972,65,0.068,0,13.0,,0,218.24163179916317,2.5,2025-Q1,8.0,-8.0,False
PostHog/posthog,full_rewrite,2023-Q2,1031,1,1030,65,0,65,0.0631,0.3169,2.2872,161,129,32,28,0.3,1,1025,1,167420,87300,0.3427,80120,5660,60,0.0585,0,10.0,0.4615,1,248.50731707317073,1.1428571428571428,2025-Q1,8.0,-7.0,False
PostHog/posthog,full_rewrite,2023-Q3,948,4,943,38,0,38,0.0403,0.608,2.8303,218,148,70,38,0.2857,1,947,1,90330,59669,0.3978,30661,4827,37,0.0391,0,12.0,0.2,2,158.39387539598732,1.8421052631578947,2025-Q1,8.0,-6.0,False
PostHog/posthog,full_rewrite,2023-Q4,1499,4,1369,39,0,39,0.0285,0.3733,1.83,291,224,67,53,0.3158,0,1479,3,268036,136274,0.3371,131762,10920,63,0.0426,0,16.0,0.0833,3,273.36713995943205,1.2641509433962264,2025-Q1,8.0,-5.0,False
PostHog/posthog,full_rewrite,2024-Q1,1251,22,1215,54,0,54,0.0444,0.3964,2.0106,280,369,-89,40,0.434,0,1249,22,212082,127015,0.3746,85067,7022,62,0.0496,0,16.0,0.125,4,271.4947958366693,-2.225,2025-Q1,8.0,-4.0,False
PostHog/posthog,full_rewrite,2024-Q2,1446,11,1459,76,0,76,0.0521,0.4325,2.0203,373,484,-111,53,0.225,0,1386,10,278591,178211,0.3901,100380,8658,71,0.0512,0,19.0,0.1875,5,329.58297258297256,-2.0943396226415096,2025-Q1,8.0,-3.0,False
PostHog/posthog,full_rewrite,2024-Q3,1371,3,1387,74,0,74,0.0534,0.4639,1.8973,333,268,65,57,0.3396,0,1370,2,207221,102491,0.3309,104730,7781,71,0.0518,0,18.0,0.2105,6,226.06715328467152,1.1403508771929824,2025-Q1,8.0,-2.0,False
PostHog/posthog,full_rewrite,2024-Q4,1309,2,1318,56,0,56,0.0425,0.5439,1.8468,343,242,101,58,0.386,0,1308,1,211000,98755,0.3188,112245,6839,56,0.0428,1,21.0,0.2778,7,236.81574923547402,1.7413793103448276,2025-Q1,8.0,-1.0,False
PostHog/posthog,full_rewrite,2025-Q1,2562,1,2584,135,0,135,0.0522,0.3144,1.6108,418,285,133,76,0.2586,0,2558,0,423379,193447,0.3136,229932,14416,133,0.052,0,29.0,0.2381,8,241.1360437842064,1.75,2025-Q1,8.0,0.0,True
PostHog/posthog,full_rewrite,2025-Q2,2667,4,2695,133,1,133,0.0494,0.2073,1.456,615,337,278,88,0.2368,0,2662,4,435356,209535,0.3249,225821,14253,128,0.0481,6,34.0,0.1724,9,242.2580766341097,3.159090909090909,2025-Q1,8.0,1.0,True
PostHog/posthog,full_rewrite,2025-Q3,3204,4,3239,178,0,178,0.055,0.4055,1.8794,636,375,261,106,0.2273,0,3202,4,741296,346514,0.3185,394782,24038,175,0.0547,26,40.0,0.2059,10,339.7282948157402,2.4622641509433962,2025-Q1,8.0,2.0,True
PostHog/posthog,full_rewrite,2025-Q4,3788,1,3847,257,1,256,0.0668,0.4516,2.4737,654,386,268,122,0.2358,0,3786,1,909218,358419,0.2827,550799,24122,256,0.0676,174,47.0,0.25,11,334.82223983095616,2.19672131147541,2025-Q1,8.0,3.0,True
PostHog/posthog,full_rewrite,2026-Q1,5935,416,6413,368,2,366,0.0574,0.5652,2.0913,660,341,319,154,0.2295,0,5928,402,1869352,660733,0.2612,1208619,38115,354,0.0597,821,,,12,426.8024628879892,2.0714285714285716,2025-Q1,8.0,4.0,True
PostHog/posthog,full_rewrite,2026-Q2,8917,731,9824,498,5,493,0.0507,0.4536,1.7885,612,362,250,186,0.2143,0,8906,724,3371363,1003674,0.2294,2367689,73585,467,0.0524,1389,,,13,491.24601392319784,1.3440860215053763,2025-Q1,8.0,5.0,True
airbytehq/airbyte,migration,2023-Q1,1401,1,1409,39,0,39,0.0277,1.7845,6.9987,1370,1341,29,162,,0,1395,1,304712,418405,0.5786,-113693,22179,32,0.0229,0,46.0,,0,518.3634408602151,0.17901234567901234,2025-Q1,8.0,-8.0,False
airbytehq/airbyte,migration,2023-Q2,1126,0,1098,66,9,58,0.0601,0.786,4.2741,1241,1265,-24,146,0.6111,0,1122,0,253490,197516,0.4379,55974,9648,53,0.0472,0,31.0,0.4783,1,401.96613190730835,-0.1643835616438356,2025-Q1,8.0,-7.0,False
airbytehq/airbyte,migration,2023-Q3,1133,0,1115,94,12,83,0.0843,0.9294,4.4526,1139,1051,88,117,0.5685,0,1122,0,288637,218611,0.431,70026,13627,79,0.0704,0,32.0,0.2581,2,452.09269162210336,0.7521367521367521,2025-Q1,8.0,-6.0,False
airbytehq/airbyte,migration,2023-Q4,1080,0,1036,77,31,68,0.0743,1.0241,5.0976,797,1048,-251,108,0.5128,0,1080,0,153781,113974,0.4257,39807,9912,68,0.063,0,31.0,0.2812,3,247.9212962962963,-2.324074074074074,2025-Q1,8.0,-5.0,False
airbytehq/airbyte,migration,2024-Q1,1167,6,1117,104,58,98,0.0931,0.9493,4.6172,459,795,-336,99,0.5185,0,1164,2,272606,277930,0.5048,-5324,12775,95,0.0816,0,25.0,0.3226,4,472.96907216494844,-3.393939393939394,2025-Q1,8.0,-4.0,False
airbytehq/airbyte,migration,2024-Q2,2196,3,2082,113,29,110,0.0543,0.9973,5.2484,349,562,-213,118,0.4141,0,2194,0,405020,271181,0.401,133839,16448,108,0.0492,0,19.0,0.44,5,308.2046490428441,-1.805084745762712,2025-Q1,8.0,-3.0,False
airbytehq/airbyte,migration,2024-Q3,4270,1,4152,219,3,217,0.0527,0.4122,0.4923,495,433,62,119,0.5508,0,4264,1,961226,292922,0.2336,668304,18862,217,0.0509,0,6.0,0.7368,6,294.124765478424,0.5210084033613446,2025-Q1,8.0,-2.0,False
airbytehq/airbyte,migration,2024-Q4,3486,16,3480,97,30,68,0.0279,0.2199,0.9756,437,560,-123,95,0.6218,0,3484,9,642943,307045,0.3232,335898,14358,68,0.0195,0,4.0,0.6667,7,272.67164179104475,-1.2947368421052632,2025-Q1,8.0,-1.0,False
airbytehq/airbyte,migration,2025-Q1,5294,57,5398,98,36,64,0.0182,0.2235,0.3331,299,311,-12,126,0.4737,0,5289,57,371236,310921,0.4558,60315,16147,60,0.0113,2,1.0,0.75,8,128.97655511438836,-0.09523809523809523,2025-Q1,8.0,0.0,True
airbytehq/airbyte,migration,2025-Q2,4602,54,4740,70,1,69,0.0148,0.2745,2.8373,197,175,22,94,0.5794,0,4599,54,336330,158831,0.3208,177499,13689,61,0.0133,15,1.0,0.0,9,107.66710154381387,0.23404255319148937,2025-Q1,8.0,1.0,True
airbytehq/airbyte,migration,2025-Q3,3219,534,3848,68,0,68,0.0177,0.0649,0.3083,205,197,8,86,0.5,0,3219,533,204490,294162,0.5899,-89672,9916,66,0.0205,17,1.0,0.0,10,154.9089779434607,0.09302325581395349,2025-Q1,8.0,2.0,True
airbytehq/airbyte,migration,2025-Q4,411,2662,3135,25,0,25,0.008,0.1001,0.4132,156,245,-89,50,0.593,0,411,2662,128393,43628,0.2536,84765,3348,19,0.0462,88,16.0,0.0,11,418.5425790754258,-1.78,2025-Q1,8.0,3.0,True
airbytehq/airbyte,migration,2026-Q1,367,3000,3437,48,2,47,0.014,0.0632,0.8577,155,297,-142,49,0.5,0,367,2912,85113,180867,0.68,-95754,5816,22,0.0599,224,,,12,724.741144414169,-2.8979591836734695,2025-Q1,8.0,4.0,True
airbytehq/airbyte,migration,2026-Q2,437,3126,3633,55,7,52,0.0151,0.0027,0.013,146,555,-409,40,0.4898,0,436,3126,576199,76301,0.1169,499898,3911,14,0.0321,320,,,13,1496.559633027523,-10.225,2025-Q1,8.0,5.0,True
appwrite/appwrite,full_rewrite,2023-Q1,758,0,96,4,0,4,0.0417,6.2013,33.8829,173,244,-71,23,,0,564,0,19190,12130,0.3873,7060,1698,14,0.0248,0,7.0,,0,55.53191489361702,-3.0869565217391304,2025-Q3,10.0,-10.0,False
appwrite/appwrite,full_rewrite,2023-Q2,805,0,135,7,0,7,0.0519,0.4537,5.1019,218,128,90,24,0.5217,1,607,0,649711,22335,0.0332,627376,34608,25,0.0412,0,7.0,0.1429,1,1107.159802306425,3.75,2025-Q3,10.0,-9.0,False
appwrite/appwrite,full_rewrite,2023-Q3,1425,0,219,15,0,15,0.0685,0.8842,5.9865,275,419,-144,29,0.3333,1,957,0,171080,50280,0.2271,120800,10095,43,0.0449,0,9.0,0.2857,2,231.30616509926855,-4.9655172413793105,2025-Q3,10.0,-8.0,False
appwrite/appwrite,full_rewrite,2023-Q4,1201,0,188,11,0,11,0.0585,0.2117,1.8944,350,240,110,29,0.2759,1,811,0,94356,116407,0.5523,-22051,2524,33,0.0407,0,11.0,0.2222,3,259.8803945745993,3.793103448275862,2025-Q3,10.0,-7.0,False
appwrite/appwrite,full_rewrite,2024-Q1,1635,0,267,19,0,19,0.0712,0.6264,4.438,152,193,-41,25,0.4138,0,1073,0,153019,75974,0.3318,77045,17055,36,0.0336,0,8.0,0.3636,4,213.41379310344828,-1.64,2025-Q3,10.0,-6.0,False
appwrite/appwrite,full_rewrite,2024-Q2,1122,0,194,15,0,15,0.0773,0.902,6.4262,146,158,-12,27,0.36,0,717,0,73669,17341,0.1905,56328,1949,35,0.0488,0,10.0,0.25,5,126.93165969316597,-0.4444444444444444,2025-Q3,10.0,-5.0,False
appwrite/appwrite,full_rewrite,2024-Q3,1255,0,190,8,0,8,0.0421,0.909,5.7372,140,86,54,20,0.3704,0,817,0,493662,105926,0.1767,387736,22761,43,0.0526,0,8.0,0.3,6,733.8898408812729,2.7,2025-Q3,10.0,-4.0,False
appwrite/appwrite,full_rewrite,2024-Q4,1151,0,170,9,0,9,0.0529,0.4567,3.99,154,170,-16,20,0.25,1,779,0,1314866,56321,0.0411,1258545,56304,32,0.0411,0,8.0,0.25,7,1760.188703465982,-0.8,2025-Q3,10.0,-3.0,False
appwrite/appwrite,full_rewrite,2025-Q1,1802,0,223,7,0,7,0.0314,0.5473,4.1641,131,108,23,18,0.2,1,1261,0,365966,206855,0.3611,159111,5040,40,0.0317,0,8.0,0.25,8,454.25931800158605,1.2777777777777777,2025-Q3,10.0,-2.0,False
appwrite/appwrite,full_rewrite,2025-Q2,1792,0,275,15,0,15,0.0545,0.1418,2.6117,111,83,28,20,0.1667,1,1196,0,952529,180140,0.159,772389,29338,41,0.0343,0,6.0,0.625,9,947.0476588628762,1.4,2025-Q3,10.0,-1.0,False
appwrite/appwrite,full_rewrite,2025-Q3,1615,0,244,13,0,13,0.0533,0.1518,1.2146,126,119,7,28,0.15,1,1078,3,408471,450817,0.5246,-42346,18816,55,0.051,2,7.0,0.0,10,797.113172541744,0.25,2025-Q3,10.0,0.0,True
appwrite/appwrite,full_rewrite,2025-Q4,1667,0,254,20,0,20,0.0787,0.1931,2.9034,103,66,37,25,0.2857,1,1026,19,338252,216687,0.3905,121565,8861,88,0.0858,3,9.0,0.2857,11,540.8762183235867,1.48,2025-Q3,10.0,1.0,True
appwrite/appwrite,full_rewrite,2026-Q1,2238,0,315,25,0,25,0.0794,0.1559,1.2514,96,276,-180,19,0.36,1,1478,19,817553,4097268,0.8337,-3279715,113859,122,0.0825,300,,,12,3325.3186738836266,-9.473684210526315,2025-Q3,10.0,2.0,True
appwrite/appwrite,full_rewrite,2026-Q2,2903,0,423,63,0,63,0.1489,0.0844,1.2167,79,34,45,24,0.1579,1,1952,22,465037,426914,0.4786,38123,7236,287,0.147,250,,,13,456.9421106557377,1.875,2025-Q3,10.0,3.0,True
astral-sh/ruff,full_rewrite,2023-Q1,1585,0,1297,62,4,58,0.0478,0.0187,0.2359,924,770,154,122,,0,1573,0,212483,125319,0.371,87164,14297,128,0.0814,0,10.0,,0,214.75015893197713,1.2622950819672132,2025-Q3,10.0,-10.0,False
astral-sh/ruff,full_rewrite,2023-Q2,931,1,932,40,6,35,0.0429,0.1002,0.8766,549,479,70,81,0.8197,0,929,0,136052,78444,0.3657,57608,8253,35,0.0377,0,8.0,0.7,1,230.88912809472552,0.8641975308641975,2025-Q3,10.0,-9.0,False
astral-sh/ruff,full_rewrite,2023-Q3,1218,38,1281,46,6,40,0.0359,0.0968,0.8869,856,657,199,72,0.7901,0,1213,37,323137,174094,0.3501,149043,10500,39,0.0322,0,6.0,0.5,2,409.9183841714757,2.763888888888889,2025-Q3,10.0,-8.0,False
astral-sh/ruff,full_rewrite,2023-Q4,722,78,802,21,5,16,0.0262,0.0893,0.7729,675,565,110,103,0.6806,0,720,78,98165,51627,0.3447,46538,4053,16,0.0222,0,12.0,0.0,3,208.04444444444445,1.0679611650485437,2025-Q3,10.0,-7.0,False
astral-sh/ruff,full_rewrite,2024-Q1,540,76,657,25,6,21,0.0381,0.0934,0.8032,540,421,119,92,0.767,0,537,69,78196,41709,0.3479,36487,3189,20,0.0372,0,14.0,0.5,4,223.28677839851025,1.2934782608695652,2025-Q3,10.0,-6.0,False
astral-sh/ruff,full_rewrite,2024-Q2,587,124,819,30,13,21,0.0366,0.1351,1.0005,512,380,132,86,0.7935,0,587,45,79936,112795,0.5852,-32859,3241,21,0.0358,0,10.0,0.5,5,328.33219761499146,1.5348837209302326,2025-Q3,10.0,-5.0,False
astral-sh/ruff,full_rewrite,2024-Q3,622,150,778,23,9,16,0.0296,0.1209,0.8027,550,387,163,86,0.7907,0,622,52,74260,34353,0.3163,39907,3333,16,0.0257,0,9.0,0.3,6,174.61897106109325,1.8953488372093024,2025-Q3,10.0,-4.0,False
astral-sh/ruff,full_rewrite,2024-Q4,712,155,869,28,13,19,0.0322,0.1653,0.9967,612,480,132,85,0.7442,0,710,63,87362,35629,0.2897,51733,4620,19,0.0268,0,14.0,0.1111,7,173.22676056338028,1.5529411764705883,2025-Q3,10.0,-3.0,False
astral-sh/ruff,full_rewrite,2025-Q1,910,147,1022,48,15,35,0.047,0.2269,1.0872,600,508,92,72,0.6706,0,896,59,137368,62489,0.3127,74879,5005,35,0.0391,0,11.0,0.4286,8,223.0546875,1.2777777777777777,2025-Q3,10.0,-2.0,False
astral-sh/ruff,full_rewrite,2025-Q2,1097,157,1205,19,5,15,0.0158,0.3459,1.9313,504,357,147,99,0.5972,0,1095,84,166767,81558,0.3284,85209,9575,24,0.0219,0,16.0,0.1818,9,226.78082191780823,1.4848484848484849,2025-Q3,10.0,-1.0,False
astral-sh/ruff,full_rewrite,2025-Q3,918,145,1012,15,6,11,0.0148,0.3253,2.4357,368,243,125,92,0.6364,0,917,78,136770,56063,0.2907,80707,4315,14,0.0153,1,16.0,0.3125,10,210.2868047982552,1.358695652173913,2025-Q3,10.0,0.0,True
astral-sh/ruff,full_rewrite,2025-Q4,967,139,1077,18,3,15,0.0167,0.2736,1.6712,341,235,106,86,0.6087,0,966,74,355126,69700,0.1641,285426,5361,18,0.0186,5,15.0,0.25,11,439.7784679089027,1.2325581395348837,2025-Q3,10.0,1.0,True
astral-sh/ruff,full_rewrite,2026-Q1,1099,215,1290,26,13,13,0.0202,0.3295,2.5239,283,280,3,124,0.5349,0,1098,120,172810,78849,0.3133,93961,4384,19,0.0173,45,,,12,229.1976320582878,0.024193548387096774,2025-Q3,10.0,2.0,True
astral-sh/ruff,full_rewrite,2026-Q2,1027,182,1228,23,0,23,0.0187,0.1927,1.7908,220,183,37,106,0.75,0,1024,110,312684,193951,0.3828,118733,5194,23,0.0225,21,,,13,494.7607421875,0.3490566037735849,2025-Q3,10.0,3.0,True
dagger/dagger,full_rewrite,2023-Q1,466,99,311,3,0,3,0.0096,0.8961,5.0584,184,244,-60,29,,0,449,72,65181,25669,0.2825,39512,2125,9,0.02,0,8.0,,0,202.33853006681514,-2.0689655172413794,2026-Q1,12.0,-12.0,False
dagger/dagger,full_rewrite,2023-Q2,294,73,316,4,0,4,0.0127,0.7562,5.0176,102,87,15,31,0.3448,0,291,44,59044,24829,0.296,34215,1923,8,0.0275,0,10.0,0.375,1,288.2233676975945,0.4838709677419355,2026-Q1,12.0,-11.0,False
dagger/dagger,full_rewrite,2023-Q3,249,50,262,14,6,10,0.0534,1.0577,4.5022,98,89,9,31,0.4194,0,243,50,70373,22161,0.2395,48212,1876,10,0.0412,0,11.0,0.3,2,380.798353909465,0.2903225806451613,2026-Q1,12.0,-10.0,False
dagger/dagger,full_rewrite,2023-Q4,263,27,290,15,3,12,0.0517,0.8231,4.1232,137,126,11,28,0.4194,0,261,27,143745,65190,0.312,78555,2947,11,0.0421,0,8.0,0.4545,3,800.5172413793103,0.39285714285714285,2026-Q1,12.0,-9.0,False
dagger/dagger,full_rewrite,2024-Q1,443,35,377,14,1,13,0.0371,0.7793,3.0845,185,117,68,39,0.2857,0,442,33,273184,113170,0.2929,160014,4519,21,0.0475,0,6.0,0.25,4,874.10407239819,1.7435897435897436,2026-Q1,12.0,-8.0,False
dagger/dagger,full_rewrite,2024-Q2,439,26,427,15,3,12,0.0351,0.7869,4.0846,231,198,33,46,0.5128,0,438,25,110140,203082,0.6484,-92942,3879,20,0.0457,0,10.0,0.0,5,715.1187214611872,0.717391304347826,2026-Q1,12.0,-7.0,False
dagger/dagger,full_rewrite,2024-Q3,471,6,454,20,7,14,0.0441,0.8899,5.6008,239,156,83,34,0.587,0,471,6,74026,35845,0.3262,38181,3713,14,0.0297,0,12.0,0.1,6,233.27176220806794,2.4411764705882355,2026-Q1,12.0,-6.0,False
dagger/dagger,full_rewrite,2024-Q4,354,34,325,9,1,8,0.0277,1.1427,7.0225,191,132,59,29,0.4412,0,352,33,86559,35317,0.2898,51242,3184,11,0.0312,1,8.0,0.4167,7,346.2386363636364,2.0344827586206895,2026-Q1,12.0,-5.0,False
dagger/dagger,full_rewrite,2025-Q1,455,34,474,6,0,6,0.0127,1.0246,5.4871,148,112,36,43,0.3103,0,454,34,184271,150574,0.4497,33697,4444,6,0.0132,0,14.0,0.125,8,737.5440528634361,0.8372093023255814,2026-Q1,12.0,-4.0,False
dagger/dagger,full_rewrite,2025-Q2,365,36,395,17,0,17,0.043,0.7046,4.9381,160,107,53,47,0.4186,0,364,36,92591,58911,0.3888,33680,3901,17,0.0467,0,12.0,0.3571,9,416.2142857142857,1.127659574468085,2026-Q1,12.0,-3.0,False
dagger/dagger,full_rewrite,2025-Q3,285,25,293,14,4,10,0.0478,1.0436,6.4704,101,79,22,30,0.5745,0,284,25,244132,61365,0.2009,182767,6743,12,0.0423,1,10.0,0.4167,10,1075.693661971831,0.7333333333333333,2026-Q1,12.0,-2.0,False
dagger/dagger,full_rewrite,2025-Q4,249,43,283,12,0,12,0.0424,0.5366,4.4259,95,51,44,29,0.4667,0,247,43,77244,32421,0.2956,44823,3695,12,0.0486,0,10.0,0.3,11,443.98785425101215,1.5172413793103448,2026-Q1,12.0,-1.0,False
dagger/dagger,full_rewrite,2026-Q1,228,45,265,8,0,8,0.0302,0.6341,3.9717,83,857,-774,30,0.4828,0,227,35,68872,23656,0.2557,45216,2712,9,0.0396,4,,,12,407.61233480176213,-25.8,2026-Q1,12.0,0.0,True
dagger/dagger,full_rewrite,2026-Q2,598,32,361,6,0,6,0.0166,0.4096,3.0056,91,56,35,26,0.4667,1,584,32,2329738,493378,0.1748,1836360,29427,17,0.0291,11,,,13,4834.102739726028,1.3461538461538463,2026-Q1,12.0,1.0,True
inngest/inngest,full_rewrite,2023-Q1,311,1,41,0,0,0,0.0,1.0023,2.7496,29,13,16,6,,1,298,0,25776,29241,0.5315,-3465,1448,2,0.0067,0,3.0,,0,184.6208053691275,2.6666666666666665,2025-Q2,9.0,-9.0,False
inngest/inngest,full_rewrite,2023-Q2,211,0,40,4,0,4,0.1,0.2054,1.8896,6,1,5,8,0.0,1,204,0,15485,21262,0.5786,-5777,741,7,0.0343,0,5.0,0.3333,1,180.13235294117646,0.625,2025-Q2,9.0,-8.0,False
inngest/inngest,full_rewrite,2023-Q3,283,1,135,1,0,1,0.0074,0.2436,1.694,16,54,-38,9,0.0,1,269,0,34115,11916,0.2589,22199,1324,5,0.0186,0,6.0,0.4,2,171.1189591078067,-4.222222222222222,2025-Q2,9.0,-7.0,False
inngest/inngest,full_rewrite,2023-Q4,420,7,267,12,0,12,0.0449,0.1868,0.9252,14,8,6,10,0.1111,0,411,5,61005,18752,0.2351,42253,2758,25,0.0608,0,6.0,0.3333,3,194.05596107055962,0.6,2025-Q2,9.0,-6.0,False
inngest/inngest,full_rewrite,2024-Q1,411,0,258,3,0,3,0.0116,0.5632,2.0053,5,2,3,10,0.2,0,403,0,35798,74556,0.6756,-38758,3360,11,0.0273,0,6.0,0.0,4,273.83126550868485,0.3,2025-Q2,9.0,-5.0,False
inngest/inngest,full_rewrite,2024-Q2,246,1,240,0,0,0,0.0,0.7155,1.8775,12,5,7,10,0.4,1,246,1,49929,15347,0.2351,34582,1588,0,0.0,0,6.0,0.5,5,265.349593495935,0.7,2025-Q2,9.0,-4.0,False
inngest/inngest,full_rewrite,2024-Q3,248,1,263,7,0,7,0.0266,0.219,2.0039,6,2,4,9,0.1,1,247,1,31529,17757,0.3603,13772,1666,7,0.0283,0,5.0,0.3333,6,199.53846153846155,0.4444444444444444,2025-Q2,9.0,-3.0,False
inngest/inngest,full_rewrite,2024-Q4,189,1,191,4,0,4,0.0209,0.607,2.7149,14,5,9,12,0.0,1,189,1,55211,32160,0.3681,23051,1253,4,0.0212,0,6.0,0.2,7,462.2804232804233,0.75,2025-Q2,9.0,-2.0,False
inngest/inngest,full_rewrite,2025-Q1,219,6,212,7,0,7,0.033,0.3959,1.7837,14,10,4,10,0.25,0,219,6,45204,21208,0.3193,23996,1985,7,0.032,0,6.0,0.3333,8,303.2511415525114,0.4,2025-Q2,9.0,-1.0,False
inngest/inngest,full_rewrite,2025-Q2,290,7,293,18,0,18,0.0614,0.1845,1.1374,30,12,18,14,0.1,1,290,7,70114,31131,0.3075,38983,1897,18,0.0621,2,7.0,0.3333,9,349.12068965517244,1.2857142857142858,2025-Q2,9.0,0.0,True
inngest/inngest,full_rewrite,2025-Q3,363,1,365,14,0,14,0.0384,0.3682,2.7367,18,10,8,18,0.2143,1,363,1,86828,31732,0.2676,55096,2101,15,0.0413,5,10.0,0.2857,10,326.6115702479339,0.4444444444444444,2025-Q2,9.0,1.0,True
inngest/inngest,full_rewrite,2025-Q4,344,1,330,7,0,7,0.0212,0.2164,2.7024,28,10,18,22,0.0556,1,337,1,130264,42874,0.2476,87390,3056,7,0.0208,2,11.0,0.4,11,513.7626112759644,0.8181818181818182,2025-Q2,9.0,2.0,True
inngest/inngest,full_rewrite,2026-Q1,303,1,309,10,0,10,0.0324,0.1883,1.8063,22,72,-50,21,0.1364,1,303,1,98145,38507,0.2818,59638,1797,11,0.0363,21,,,12,450.996699669967,-2.380952380952381,2025-Q2,9.0,3.0,True
inngest/inngest,full_rewrite,2026-Q2,376,36,414,83,73,31,0.2005,0.7452,3.7555,25,16,9,29,0.0952,0,375,35,154832,54239,0.2594,100593,2950,28,0.0747,39,,,13,557.5226666666666,0.3103448275862069,2025-Q2,9.0,4.0,True
milvus-io/milvus,full_rewrite,2023-Q1,502,0,831,357,350,12,0.4296,0.7248,1.8021,624,545,79,40,,0,501,0,140083,92171,0.3969,47912,3610,8,0.016,0,17.0,,0,463.5808383233533,1.975,2026-Q1,12.0,-12.0,False
milvus-io/milvus,full_rewrite,2023-Q2,598,4,953,414,406,13,0.4344,0.8224,2.8246,781,606,175,47,0.225,0,598,4,122430,80274,0.396,42156,4773,9,0.0151,0,16.0,0.1176,1,338.96989966555185,3.723404255319149,2026-Q1,12.0,-11.0,False
milvus-io/milvus,full_rewrite,2023-Q3,700,0,913,438,434,10,0.4797,0.9163,3.0229,835,895,-60,45,0.234,0,700,0,137826,112306,0.449,25520,4984,9,0.0129,0,18.0,0.3125,2,357.33142857142855,-1.3333333333333333,2026-Q1,12.0,-10.0,False
milvus-io/milvus,full_rewrite,2023-Q4,643,3,1008,262,257,7,0.2599,0.9514,3.7488,680,716,-36,46,0.1333,0,643,3,123684,135610,0.523,-11926,3439,6,0.0093,0,19.0,0.2222,3,403.2566096423017,-0.782608695652174,2026-Q1,12.0,-9.0,False
milvus-io/milvus,full_rewrite,2024-Q1,688,0,1010,57,41,16,0.0564,0.9588,3.9366,714,599,115,44,0.2826,0,688,0,147460,70869,0.3246,76591,3503,10,0.0145,0,20.0,0.2105,4,317.3386627906977,2.6136363636363638,2026-Q1,12.0,-8.0,False
milvus-io/milvus,full_rewrite,2024-Q2,733,0,1246,67,46,23,0.0538,0.9013,3.466,737,713,24,51,0.1591,0,730,0,154146,59441,0.2783,94705,4174,14,0.0192,0,22.0,0.2,5,292.58493150684933,0.47058823529411764,2026-Q1,12.0,-7.0,False
milvus-io/milvus,full_rewrite,2024-Q3,685,0,1187,66,51,15,0.0556,1.0136,3.558,700,612,88,56,0.1961,0,684,0,149425,64620,0.3019,84805,4909,9,0.0132,0,18.0,0.3182,6,312.9312865497076,1.5714285714285714,2026-Q1,12.0,-6.0,False
milvus-io/milvus,full_rewrite,2024-Q4,704,0,1119,52,40,12,0.0465,0.9459,3.1379,640,621,19,51,0.2679,0,700,0,166477,69703,0.2951,96774,4897,9,0.0129,0,19.0,0.2222,7,337.4,0.37254901960784315,2026-Q1,12.0,-5.0,False
milvus-io/milvus,full_rewrite,2025-Q1,517,1,1019,108,96,13,0.106,1.0955,5.0163,623,601,22,50,0.2353,0,516,1,227877,94371,0.2929,133506,6255,8,0.0155,0,19.0,0.2105,8,624.5116279069767,0.44,2026-Q1,12.0,-4.0,False
milvus-io/milvus,full_rewrite,2025-Q2,554,0,802,50,42,11,0.0623,1.1038,4.4451,652,751,-99,47,0.28,0,552,0,800588,123358,0.1335,677230,4966,10,0.0181,0,17.0,0.3158,9,1673.8152173913043,-2.106382978723404,2026-Q1,12.0,-3.0,False
milvus-io/milvus,full_rewrite,2025-Q3,583,1,741,41,21,20,0.0553,1.1912,4.814,543,478,65,50,0.2979,0,582,1,243062,116903,0.3248,126159,5347,18,0.0309,1,20.0,0.1176,10,618.4965635738831,1.3,2026-Q1,12.0,-2.0,False
milvus-io/milvus,full_rewrite,2025-Q4,572,0,1123,39,27,13,0.0347,1.009,3.8496,551,480,71,49,0.36,0,571,0,208314,110388,0.3464,97926,3975,8,0.014,0,16.0,0.35,11,558.1471103327495,1.4489795918367347,2026-Q1,12.0,-1.0,False
milvus-io/milvus,full_rewrite,2026-Q1,538,0,896,39,21,24,0.0435,1.6879,5.0698,561,419,142,49,0.2857,0,537,0,392386,137563,0.2596,254823,5224,19,0.0354,155,,,12,986.8696461824953,2.8979591836734695,2026-Q1,12.0,0.0,True
milvus-io/milvus,full_rewrite,2026-Q2,657,1,1130,29,7,22,0.0257,1.824,5.981,727,867,-140,48,0.2449,0,655,1,611992,228025,0.2715,383967,10638,13,0.0198,202,,,13,1282.4687022900764,-2.9166666666666665,2026-Q1,12.0,1.0,True
qdrant/qdrant,fuzzy,2023-Q1,101,71,205,1,0,1,0.0049,0.6008,1.7358,77,54,23,12,,0,100,57,49534,4804,0.0884,44730,711,1,0.01,0,3.0,,0,543.38,1.9166666666666667,2025-Q2,9.0,-9.0,False
qdrant/qdrant,fuzzy,2023-Q2,210,102,309,6,0,6,0.0194,0.4966,2.4888,137,116,21,28,0.5,0,210,71,73026,10680,0.1276,62346,1299,6,0.0286,0,6.0,0.0,1,398.6,0.75,2025-Q2,9.0,-8.0,False
qdrant/qdrant,fuzzy,2023-Q3,156,115,312,11,3,9,0.0353,0.5504,2.5559,155,96,59,17,0.7143,0,153,68,34682,4655,0.1183,30027,778,6,0.0392,0,5.0,0.1667,2,257.1045751633987,3.4705882352941178,2025-Q2,9.0,-7.0,False
qdrant/qdrant,fuzzy,2023-Q4,290,58,305,10,0,10,0.0328,0.7348,1.8864,144,139,5,22,0.5294,0,285,49,70930,21315,0.2311,49615,2002,13,0.0456,0,5.0,0.0,3,323.6666666666667,0.22727272727272727,2025-Q2,9.0,-6.0,False
qdrant/qdrant,fuzzy,2024-Q1,244,81,357,11,0,11,0.0308,0.6185,2.0032,153,98,55,27,0.6818,0,240,66,45967,16580,0.2651,29387,1461,8,0.0333,0,6.0,0.2,4,260.6125,2.037037037037037,2025-Q2,9.0,-5.0,False
qdrant/qdrant,fuzzy,2024-Q2,376,96,430,21,2,19,0.0488,0.527,1.5553,120,102,18,21,0.6667,0,373,77,72982,22373,0.2346,50609,2531,24,0.0643,0,6.0,0.1667,5,255.64343163538874,0.8571428571428571,2025-Q2,9.0,-4.0,False
qdrant/qdrant,fuzzy,2024-Q3,265,87,382,23,7,16,0.0602,0.5738,1.9219,111,65,46,22,0.5238,0,263,55,71981,19848,0.2161,52133,1941,13,0.0494,0,7.0,0.0,6,349.1596958174905,2.090909090909091,2025-Q2,9.0,-3.0,False
qdrant/qdrant,fuzzy,2024-Q4,250,81,396,15,2,13,0.0379,0.5229,1.6301,92,47,45,18,0.4545,0,247,66,56989,13703,0.1938,43286,1851,12,0.0486,0,5.0,0.4286,7,286.2024291497976,2.5,2025-Q2,9.0,-2.0,False
qdrant/qdrant,fuzzy,2025-Q1,337,130,407,25,8,17,0.0614,0.2283,1.1438,91,67,24,18,0.2778,0,335,97,63331,26046,0.2914,37285,2909,18,0.0537,0,6.0,0.2,8,266.79701492537316,1.3333333333333333,2025-Q2,9.0,-1.0,False
qdrant/qdrant,fuzzy,2025-Q2,156,50,346,19,5,14,0.0549,0.6361,3.9759,85,76,9,13,0.3889,0,156,34,36047,8287,0.1869,27760,1073,3,0.0192,1,6.0,0.1667,9,284.1923076923077,0.6923076923076923,2025-Q2,9.0,0.0,True
qdrant/qdrant,fuzzy,2025-Q3,369,123,389,21,2,20,0.054,0.4763,1.6281,86,63,23,25,0.1538,0,358,81,84630,30195,0.263,54435,2502,27,0.0754,1,7.0,0.1667,10,320.74022346368713,0.92,2025-Q2,9.0,1.0,True
qdrant/qdrant,fuzzy,2025-Q4,265,66,354,16,2,15,0.0452,0.5988,2.7115,65,53,12,16,0.56,0,263,46,57630,27721,0.3248,29909,1910,15,0.057,1,6.0,0.2857,11,324.52851711026614,0.75,2025-Q2,9.0,2.0,True
qdrant/qdrant,fuzzy,2026-Q1,357,122,479,6,0,6,0.0125,0.5582,1.9194,69,38,31,25,0.1875,0,348,77,87070,28216,0.2447,58854,2921,7,0.0201,34,,,12,331.2816091954023,1.24,2025-Q2,9.0,3.0,True
qdrant/qdrant,fuzzy,2026-Q2,431,86,744,88,4,84,0.1183,0.39,1.5857,126,81,45,28,0.4,0,422,62,131137,60173,0.3145,70964,3313,75,0.1777,157,,,13,453.34123222748815,1.6071428571428572,2025-Q2,9.0,4.0,True
triggerdotdev/trigger.dev,full_rewrite,2023-Q1,1866,0,56,0,0,0,0.0,0.0008,0.0107,52,7,45,6,,1,1755,0,1307965,761836,0.3681,546129,6461,11,0.0063,0,3.0,,0,1179.3737891737892,7.5,2024-Q4,7.0,-7.0,False
triggerdotdev/trigger.dev,full_rewrite,2023-Q2,1028,9,11,0,0,0,0.0,0.0775,0.194,2,0,2,6,0.3333,1,987,9,80337,587350,0.8797,-507013,4195,10,0.0101,0,3.0,0.0,1,676.4812563323202,0.3333333333333333,2024-Q4,7.0,-6.0,False
triggerdotdev/trigger.dev,full_rewrite,2023-Q3,777,55,169,4,0,4,0.0237,0.6529,2.0581,161,129,32,32,0.3333,1,665,55,84007,33403,0.2845,50604,3641,15,0.0226,0,5.0,0.0,2,176.5563909774436,1.0,2024-Q4,7.0,-5.0,False
triggerdotdev/trigger.dev,full_rewrite,2023-Q4,292,23,140,0,0,0,0.0,1.1525,4.0797,98,89,9,23,0.8125,1,253,23,65791,13913,0.1746,51878,1973,3,0.0119,0,7.0,0.4,3,315.0355731225296,0.391304347826087,2024-Q4,7.0,-4.0,False
triggerdotdev/trigger.dev,full_rewrite,2024-Q1,223,14,133,2,0,2,0.015,0.0915,1.7391,37,27,10,20,0.7391,1,208,14,72748,19884,0.2147,52864,2351,3,0.0144,0,4.0,0.4286,4,445.34615384615387,0.5,2024-Q4,7.0,-3.0,False
triggerdotdev/trigger.dev,full_rewrite,2024-Q2,397,43,146,4,0,4,0.0274,0.2121,1.9094,37,19,18,16,0.75,1,353,42,267895,17110,0.06,250785,2139,13,0.0368,0,3.0,0.25,5,807.3796033994334,1.125,2024-Q4,7.0,-2.0,False
triggerdotdev/trigger.dev,full_rewrite,2024-Q3,293,20,119,1,0,1,0.0084,0.2528,2.1405,40,14,26,18,0.5625,1,272,20,67114,337781,0.8342,-270667,3200,2,0.0074,0,5.0,0.0,6,1488.5845588235295,1.4444444444444444,2024-Q4,7.0,-1.0,False
triggerdotdev/trigger.dev,full_rewrite,2024-Q4,203,18,144,1,0,1,0.0069,0.1427,1.9441,43,24,19,18,0.6667,1,184,18,42655,11807,0.2168,30848,1825,2,0.0109,0,5.0,0.4,7,295.9891304347826,1.0555555555555556,2024-Q4,7.0,0.0,True
triggerdotdev/trigger.dev,full_rewrite,2025-Q1,372,11,203,2,0,2,0.0099,0.0338,0.6495,57,24,33,15,0.5556,1,349,11,118627,95094,0.4449,23533,3283,4,0.0115,0,4.0,0.4,8,612.3810888252149,2.2,2024-Q4,7.0,1.0,True
triggerdotdev/trigger.dev,full_rewrite,2025-Q2,278,22,300,10,0,10,0.0333,0.0545,0.8027,35,126,-91,12,0.6,1,277,22,71924,19562,0.2138,52362,1900,8,0.0289,7,4.0,0.25,9,330.27436823104694,-7.583333333333333,2024-Q4,7.0,2.0,True
triggerdotdev/trigger.dev,full_rewrite,2025-Q3,314,13,288,5,0,5,0.0174,0.067,0.9436,39,35,4,13,0.4167,1,309,13,70572,30782,0.3037,39790,1919,6,0.0194,0,5.0,0.25,10,328.0064724919094,0.3076923076923077,2024-Q4,7.0,3.0,True
triggerdotdev/trigger.dev,full_rewrite,2025-Q4,172,9,175,1,0,1,0.0057,0.0414,1.1338,48,24,24,14,0.5385,1,169,9,71712,8525,0.1062,63187,1036,1,0.0059,0,5.0,0.4,11,474.7751479289941,1.7142857142857142,2024-Q4,7.0,4.0,True
triggerdotdev/trigger.dev,full_rewrite,2026-Q1,251,8,259,12,0,12,0.0463,0.1342,2.1649,102,35,67,16,0.4286,1,250,8,194387,17794,0.0839,176593,2153,12,0.048,23,,,12,848.724,4.1875,2024-Q4,7.0,5.0,True
triggerdotdev/trigger.dev,full_rewrite,2026-Q2,414,18,428,17,0,17,0.0397,0.1566,1.0466,141,22,119,13,0.5,1,408,18,245695,90131,0.2684,155564,5105,17,0.0417,50,,,13,823.1029411764706,9.153846153846153,2024-Q4,7.0,6.0,True
tursodatabase/libsql,pivot,2023-Q1,927,202,32,0,0,0,0.0,0.1695,1.5783,24,7,17,22,,1,861,0,52379,43268,0.4524,9111,3114,14,0.0163,0,5.0,,0,111.08826945412311,0.7727272727272727,,,,0.0
tursodatabase/libsql,pivot,2023-Q2,631,34,18,0,0,0,0.0,0.9994,3.4792,6,3,3,27,0.3182,1,580,0,46814,48815,0.5105,-2001,2172,7,0.0121,0,6.0,0.2,1,164.87758620689655,0.1111111111111111,,,,0.0
tursodatabase/libsql,pivot,2023-Q3,1495,0,186,8,0,8,0.043,0.1037,0.5531,56,25,31,26,0.3333,1,1237,0,1469320,49481,0.0326,1419839,7051,41,0.0331,0,6.0,0.5,2,1227.8100242522232,1.1923076923076923,,,,0.0
tursodatabase/libsql,pivot,2023-Q4,1525,0,234,3,0,3,0.0128,0.0888,1.0023,111,42,69,33,0.4231,1,1209,0,2353964,1147580,0.3277,1206384,9319,17,0.0141,0,6.0,0.1667,3,2896.231596360629,2.090909090909091,,,,0.0
tursodatabase/libsql,pivot,2024-Q1,841,0,293,20,0,20,0.0683,0.1367,1.1512,81,33,48,28,0.5758,1,749,0,663258,19600,0.0287,643658,2902,29,0.0387,0,7.0,0.0,4,911.6929238985314,1.7142857142857142,,,,0.0
tursodatabase/libsql,pivot,2024-Q2,392,0,143,5,0,5,0.035,0.2053,2.0038,73,23,50,28,0.5357,0,367,0,102285,8535,0.077,93750,2607,5,0.0136,0,5.0,0.2857,5,301.9618528610354,1.7857142857142858,,,,0.0
tursodatabase/libsql,pivot,2024-Q3,1143,0,188,6,0,6,0.0319,0.2882,1.7678,44,26,18,28,0.4643,1,969,0,92039,40948,0.3079,51091,3376,30,0.031,0,5.0,0.2,6,137.24148606811144,0.6428571428571429,,,,0.0
tursodatabase/libsql,pivot,2024-Q4,307,0,67,5,0,5,0.0746,0.2461,1.405,43,11,32,12,0.7143,1,225,0,11791,4872,0.2924,6919,658,3,0.0133,0,5.0,0.4,7,74.05777777777777,2.6666666666666665,,,,0.0
tursodatabase/libsql,pivot,2025-Q1,138,0,42,1,0,1,0.0238,0.8052,6.6406,54,16,38,12,0.6667,1,92,0,70166,83309,0.5428,-13143,1601,6,0.0652,0,3.0,0.6,8,1668.2065217391305,3.1666666666666665,,,,0.0
tursodatabase/libsql,pivot,2025-Q2,93,0,35,0,0,0,0.0,1.2167,3.8571,53,20,33,13,0.6667,1,56,0,1720,609,0.2615,1111,117,1,0.0179,0,4.0,0.0,9,41.589285714285715,2.5384615384615383,,,,0.0
tursodatabase/libsql,pivot,2025-Q3,95,0,24,0,0,0,0.0,0.1591,2.3272,18,4,14,10,0.6154,1,68,0,1574,683,0.3026,891,150,1,0.0147,0,4.0,0.25,10,33.19117647058823,1.4,,,,0.0
tursodatabase/libsql,pivot,2025-Q4,56,0,22,1,0,1,0.0455,1.5604,3.6534,12,4,8,13,0.5,1,33,0,1568,244,0.1347,1324,72,0,0.0,0,7.0,0.5,11,54.90909090909091,0.6153846153846154,,,,0.0
tursodatabase/libsql,pivot,2026-Q1,14,0,5,0,0,0,0.0,0.0497,0.7044,6,1,5,4,0.6923,0,9,0,45,23,0.3382,22,12,0,0.0,0,,,12,7.555555555555555,1.25,,,,0.0
tursodatabase/libsql,pivot,2026-Q2,30,0,8,0,0,0,0.0,0.4626,2.3236,7,0,7,3,0.75,0,18,0,41713,20686,0.3315,21027,135,0,0.0,0,,,13,3466.6111111111113,2.3333333333333335,,,,0.0
weaviate/weaviate,migration,2023-Q1,797,7,167,3,0,3,0.018,0.9765,3.748,147,107,40,22,,1,604,7,82692,37540,0.3122,45152,8719,33,0.0546,0,6.0,,0,199.05960264900662,1.8181818181818181,2025-Q4,11.0,-11.0,False
weaviate/weaviate,migration,2023-Q2,603,6,156,12,0,12,0.0769,1.5468,5.795,129,56,73,24,0.4091,1,429,6,57767,26064,0.3109,31703,2822,26,0.0606,0,7.0,0.1667,1,195.4102564102564,3.0416666666666665,2025-Q4,11.0,-10.0,False
weaviate/weaviate,migration,2023-Q3,705,7,214,6,0,6,0.028,0.3588,1.7337,129,46,83,24,0.4167,1,497,7,87087,41804,0.3243,45283,2397,17,0.0342,0,7.0,0.2857,2,259.3380281690141,3.4583333333333335,2025-Q4,11.0,-9.0,False
weaviate/weaviate,migration,2023-Q4,720,15,247,19,0,19,0.0769,0.5764,1.9453,75,33,42,21,0.5,0,476,15,62619,27492,0.3051,35127,2104,26,0.0546,0,7.0,0.4286,3,189.30882352941177,2.0,2025-Q4,11.0,-8.0,False
weaviate/weaviate,migration,2024-Q1,833,12,382,18,0,18,0.0471,0.176,1.6114,113,50,63,30,0.381,1,535,12,75114,59901,0.4437,15213,9354,23,0.043,0,8.0,0.2857,4,252.3644859813084,2.1,2025-Q4,11.0,-7.0,False
weaviate/weaviate,migration,2024-Q2,1292,10,451,17,0,17,0.0377,0.1064,1.1182,92,39,53,31,0.3,1,832,10,109991,52996,0.3252,56995,4317,54,0.0649,0,9.0,0.375,5,195.89783653846155,1.7096774193548387,2025-Q4,11.0,-6.0,False
weaviate/weaviate,migration,2024-Q3,1426,3,455,6,0,6,0.0132,0.1682,1.2432,98,60,38,35,0.3548,1,853,3,71366,27905,0.2811,43461,2968,19,0.0223,0,10.0,0.2222,6,116.37866354044549,1.0857142857142856,2025-Q4,11.0,-5.0,False
weaviate/weaviate,migration,2024-Q4,1950,21,648,23,0,23,0.0355,0.0723,0.664,68,141,-73,32,0.3714,1,1170,19,165536,99548,0.3755,65988,5434,69,0.059,0,7.0,0.3,7,226.56752136752138,-2.28125,2025-Q4,11.0,-4.0,False
weaviate/weaviate,migration,2025-Q1,1990,38,686,29,0,29,0.0423,0.1284,1.0434,69,28,41,35,0.375,0,1210,37,128585,55903,0.303,72682,5126,68,0.0562,0,8.0,0.1429,8,152.4694214876033,1.1714285714285715,2025-Q4,11.0,-3.0,False
weaviate/weaviate,migration,2025-Q2,1726,4,608,26,0,26,0.0428,0.1275,1.1564,40,76,-36,35,0.3143,1,977,4,145981,55886,0.2768,90095,7768,74,0.0757,0,13.0,0.125,9,206.61924257932446,-1.0285714285714285,2025-Q4,11.0,-2.0,False
weaviate/weaviate,migration,2025-Q3,1505,15,585,13,0,13,0.0222,0.1524,1.0969,56,111,-55,26,0.3429,0,868,15,123099,52626,0.2995,70473,3774,25,0.0288,0,8.0,0.4615,10,202.44815668202764,-2.1153846153846154,2025-Q4,11.0,-1.0,False
weaviate/weaviate,migration,2025-Q4,1548,22,562,20,0,20,0.0356,0.1772,1.0729,30,25,5,27,0.3077,0,870,22,86912,37453,0.3012,49459,3568,37,0.0425,7,7.0,0.25,11,142.94827586206895,0.18518518518518517,2025-Q4,11.0,0.0,True
weaviate/weaviate,migration,2026-Q1,1887,24,582,16,0,16,0.0275,0.1684,1.1842,28,86,-58,26,0.3333,0,1207,24,144268,51830,0.2643,92438,7847,55,0.0456,33,,,12,162.4672742336371,-2.230769230769231,2025-Q4,11.0,1.0,True
weaviate/weaviate,migration,2026-Q2,1940,42,685,15,0,15,0.0219,0.1904,1.6755,92,43,49,38,0.2692,0,1228,42,323909,59887,0.156,264022,5824,90,0.0733,242,,,13,312.53745928338765,1.2894736842105263,2025-Q4,11.0,2.0,True
zed-industries/zed,transition,2023-Q1,1194,0,273,4,0,4,0.0147,0.0183,0.4691,448,269,179,9,,1,891,0,64542,36071,0.3585,28471,2918,19,0.0213,0,6.0,,0,112.92143658810325,19.88888888888889,2024-Q2,5.0,-5.0,False
zed-industries/zed,transition,2023-Q2,1896,0,310,4,0,4,0.0129,0.0243,0.5521,308,144,164,14,0.1111,1,1559,0,128358,97241,0.431,31117,6163,27,0.0173,0,8.0,0.3333,1,144.70750481077613,11.714285714285714,2024-Q2,5.0,-4.0,False
zed-industries/zed,transition,2023-Q3,2132,0,381,7,0,7,0.0184,0.0184,0.541,317,210,107,16,0.1429,1,1717,0,174645,96142,0.355,78503,6517,40,0.0233,0,8.0,0.25,2,157.70937682003495,6.6875,2024-Q2,5.0,-3.0,False
zed-industries/zed,transition,2023-Q4,3784,0,726,6,0,6,0.0083,0.0112,0.0506,204,95,109,13,0.25,1,2995,0,746644,392983,0.3448,353661,13717,36,0.012,0,8.0,0.25,3,380.50984974958266,8.384615384615385,2024-Q2,5.0,-2.0,False
zed-industries/zed,transition,2024-Q1,2647,0,1771,41,0,41,0.0232,0.026,0.4227,1505,1258,247,233,0.0769,0,2292,0,250492,509132,0.6702,-258640,12412,50,0.0218,0,17.0,0.0,4,331.4240837696335,1.0600858369098713,2024-Q2,5.0,-1.0,False
zed-industries/zed,transition,2024-Q2,1590,0,1607,27,0,27,0.0168,0.0256,0.4956,1578,1004,574,203,0.8026,0,1585,0,171113,89109,0.3424,82004,6352,26,0.0164,2,21.0,0.2353,5,164.17791798107257,2.8275862068965516,2024-Q2,5.0,0.0,True
zed-industries/zed,transition,2024-Q3,1889,99,1956,36,0,36,0.0184,0.0229,0.4356,2224,1368,856,257,0.7438,0,1883,32,194960,108963,0.3585,85997,7391,36,0.0191,2,21.0,0.2381,6,161.40361125862984,3.330739299610895,2024-Q2,5.0,1.0,True
zed-industries/zed,transition,2024-Q4,1513,95,1632,31,0,31,0.019,0.039,0.6157,1734,1545,189,203,0.8054,0,1507,28,163828,93638,0.3637,70190,5877,30,0.0199,1,21.0,0.1905,7,170.84671532846716,0.9310344827586207,2024-Q2,5.0,2.0,True
zed-industries/zed,transition,2025-Q1,2332,140,2647,50,0,50,0.0189,0.0289,0.2951,1420,2140,-720,214,0.7241,0,2322,26,319690,210166,0.3966,109524,11705,47,0.0202,1,21.0,0.1905,8,228.1894918173988,-3.364485981308411,2024-Q2,5.0,3.0,True
zed-industries/zed,transition,2025-Q2,2615,16,2801,53,0,53,0.0189,0.0305,0.4632,1643,1607,36,253,0.7056,0,2609,9,336815,184079,0.3534,152736,11118,52,0.0199,4,24.0,0.2381,9,199.65274051360674,0.1422924901185771,2024-Q2,5.0,4.0,True
zed-industries/zed,transition,2025-Q3,2277,1,2342,52,0,52,0.0222,0.0353,0.5406,1870,1619,251,261,0.7273,0,2271,1,300444,184198,0.3801,116246,10965,52,0.0229,5,29.0,0.0417,10,213.40466754733598,0.9616858237547893,2024-Q2,5.0,5.0,True
zed-industries/zed,transition,2025-Q4,2388,0,2585,47,0,47,0.0182,0.0362,0.9637,2223,2031,192,370,0.7011,0,2384,0,390306,195360,0.3336,194946,10197,47,0.0197,7,52.0,0.1724,11,245.66526845637583,0.518918918918919,2024-Q2,5.0,6.0,True
zed-industries/zed,transition,2026-Q1,2684,13,3013,54,0,54,0.0179,0.0409,1.1591,1965,2238,-273,389,0.7027,0,2677,6,530240,265688,0.3338,264552,12896,49,0.0183,48,,,12,297.32088158386256,-0.7017994858611826,2024-Q2,5.0,7.0,True
zed-industries/zed,transition,2026-Q2,2145,17,2558,54,0,54,0.0211,0.1948,2.5784,2472,2466,6,377,0.7326,0,2139,14,470085,240009,0.338,230076,9505,45,0.021,27,,,13,331.9747545582048,0.015915119363395226,2024-Q2,5.0,8.0,True
